[{
	"name": "净土寺建筑遗存",
	"addres": "北京市东城区安定门街道净土胡同9号",
	"type": "寺庙宫观",
	"lnglat": [116.40131485468615, 39.94551775655582]
}, {
	"name": "极乐庵遗存",
	"addres": "北京市东城区安定门街道永恒胡同29号",
	"type": "寺庙宫观",
	"lnglat": [116.40589636501858, 39.94690400359613]
}, {
	"name": "高公庵",
	"addres": "北京市东城区安定门街道国兴胡同1号",
	"type": "寺庙宫观",
	"lnglat": [116.39777665874698, 39.94541982099888]
}, {
	"name": "柏林寺",
	"addres": "北京市东城区北新桥街道戏楼胡同1号",
	"type": "寺庙宫观",
	"lnglat": [116.4196322210361, 39.94543983833284]
}, {
	"name": "真武庙",
	"addres": "北京市东城区安定门街道交道口北头条86号",
	"type": "寺庙宫观",
	"lnglat": [116.40912149116203, 39.94184889607439]
}, {
	"name": "通明庙",
	"addres": "北京市东城区交道口街道方砖厂胡同11号",
	"type": "寺庙宫观",
	"lnglat": [116.39967932509171, 39.93826532430729]
}, {
	"name": "永宁寺建筑遗存",
	"addres": "北京市东城区北新桥街道板桥胡同乙3号",
	"type": "寺庙宫观",
	"lnglat": [116.41793968248656, 39.93975735488037]
}, {
	"name": "天仙庵遗存",
	"addres": "北京市东城区安定门街道西顺城街甲18号",
	"type": "寺庙宫观",
	"lnglat": [116.41304188323195, 39.94422598767036]
}, {
	"name": "白衣庵遗存",
	"addres": "北京市东城区建国门街道干面胡同18号",
	"type": "寺庙宫观",
	"lnglat": [116.42338858902086, 39.916958880794205]
}, {
	"name": "兴盛寺遗存",
	"addres": "北京市东城区景山街道连丰胡同24号",
	"type": "寺庙宫观",
	"lnglat": [116.41608800185655, 39.92657083670105]
}, {
	"name": "方家胡同白衣观音庵",
	"addres": "北京市东城区安定门街道方家胡同41号",
	"type": "寺庙宫观",
	"lnglat": [116.41062907200296, 39.94412831616184]
}, {
	"name": "宣仁庙",
	"addres": "北京市东城区东华门街道北池子大街2号",
	"type": "寺庙宫观",
	"lnglat": [116.40276331193587, 39.92310114411067]
}, {
	"name": "沙滩关帝庙",
	"addres": "北京市东城区景山街道五四大街35号",
	"type": "寺庙宫观",
	"lnglat": [116.40321846354178, 39.924232275731605]
}, {
	"name": "小厂胡同关帝庙",
	"addres": "北京市东城区交道口街道小厂胡同18号",
	"type": "寺庙宫观",
	"lnglat": [116.39832481241912, 39.93978596787833]
}, {
	"name": "玄真观",
	"addres": "北京市西城区金融街街道四道弯胡同5号",
	"type": "寺庙宫观",
	"lnglat": [116.39631615294678, 39.94225144632654]
}, {
	"name": "地藏庵",
	"addres": "北京市东城区北新桥街道东四十二条内辛寺胡同35号",
	"type": "寺庙宫观",
	"lnglat": [116.41816575180292, 39.935880426356775]
}, {
	"name": "天齐庙遗存",
	"addres": "北京市东城区朝阳门街道内务部街35号",
	"type": "寺庙宫观",
	"lnglat": [116.42021547150243, 39.91930099460497]
}, {
	"name": "万善寺遗存",
	"addres": "北京市东城区东华门街道王府井大街34号",
	"type": "寺庙宫观",
	"lnglat": [116.41198354177425, 39.91958768908612]
}, {
	"name": "伏魔宫",
	"addres": "北京市东城区安定门街道官书院胡同15号",
	"type": "寺庙宫观",
	"lnglat": [116.41552082361312, 39.94735068027209]
}, {
	"name": "娘娘庙",
	"addres": "北京市东城区安定门街道雍和宫大街175号",
	"type": "寺庙宫观",
	"lnglat": [116.41644309720502, 39.942804934766365]
}, {
	"name": "大佛寺",
	"addres": "北京市东城区景山街道美术馆后街60、76号",
	"type": "寺庙宫观",
	"lnglat": [116.40931363187589, 39.92822194309687]
}, {
	"name": "文昌帝君庙遗存",
	"addres": "北京市东城区交道口街道帽儿胡同21号（景阳胡同4号)",
	"type": "寺庙宫观",
	"lnglat": [116.40025946007292, 39.936729482731934]
}, {
	"name": "五显财神庙",
	"addres": "北京市东城区朝阳门街道本司胡同49号",
	"type": "寺庙宫观",
	"lnglat": [116.42013741455673, 39.91997797250701]
}, {
	"name": "净因寺",
	"addres": "北京市东城区安定门街道华丰胡同7号、甲7号",
	"type": "寺庙宫观",
	"lnglat": [116.40186804317133, 39.944076911075435]
}, {
	"name": "重兴关帝庙",
	"addres": "北京市东城区前门街道薛家湾胡同11号",
	"type": "寺庙宫观",
	"lnglat": [116.41082311976793, 39.89461935359741]
}, {
	"name": "勤劳胡同关帝庙",
	"addres": "北京市西城区西长安街街道勤劳胡同19号",
	"type": "寺庙宫观",
	"lnglat": [116.4051661420848, 39.937108799430064]
}, {
	"name": "敕建清华禅林",
	"addres": "北京市东城区天坛街道清华街7号",
	"type": "寺庙宫观",
	"lnglat": [116.41730540610263, 39.8916171702001]
}, {
	"name": "敕建崇祯观",
	"addres": "北京市东城区前门街道西兴隆街89号",
	"type": "寺庙宫观",
	"lnglat": [116.40726183227808, 39.89759336862331]
}, {
	"name": "肖公庙",
	"addres": "北京市东城区前门街道西打磨厂街197号",
	"type": "寺庙宫观",
	"lnglat": [116.40353662512437, 39.89907435476418]
}, {
	"name": "吕公祠",
	"addres": "北京市东城区建国门街道泡子河东巷56号",
	"type": "寺庙宫观",
	"lnglat": [116.43460643042198, 39.903239932723416]
}, {
	"name": "喇嘛庙祠堂",
	"addres": "北京市东城区北新桥街道藏经馆胡同3号",
	"type": "寺庙宫观",
	"lnglat": [116.41964626164761, 39.94817984002268]
}, {
	"name": "乾泰寺",
	"addres": "北京市东城区前门街道原冰窖斜街33号，迁建位置小江胡同38号南侧",
	"type": "寺庙宫观",
	"lnglat": [116.40062259083575, 39.89354456583499]
}, {
	"name": "前门关帝庙",
	"addres": "北京市东城区前门街道得丰西巷65号",
	"type": "寺庙宫观",
	"lnglat": [116.40171493322417, 39.894947859110516]
}, {
	"name": "大慈延福宫建筑遗存",
	"addres": "北京市东城区东四街道朝阳门内大街203号",
	"type": "寺庙宫观",
	"lnglat": [116.42242625730906, 39.925767616205825]
}, {
	"name": "真武庙",
	"addres": "北京市东城区安定门街道国旺胡同西巷8号",
	"type": "寺庙宫观",
	"lnglat": [116.39516977516057, 39.94559814684908]
}, {
	"name": "广慧寺",
	"addres": "北京市东城区体育馆路街道东壁街45号",
	"type": "寺庙宫观",
	"lnglat": [116.42638860809555, 39.8909826984473]
}, {
	"name": "西竺庵",
	"addres": "北京市东城区前门街道南芦草园胡同30号",
	"type": "寺庙宫观",
	"lnglat": [116.40499211232708, 39.893916744247385]
}, {
	"name": "五岳庙",
	"addres": "北京市东城区北新桥街道东四十条43号",
	"type": "寺庙宫观",
	"lnglat": [116.42508313590676, 39.9338983504337]
}, {
	"name": "北新桥头条关帝庙",
	"addres": "北京市东城区北新桥街道北新桥头条35号",
	"type": "寺庙宫观",
	"lnglat": [116.42005340396713, 39.94214394917678]
}, {
	"name": "海潮庵遗存",
	"addres": "北京市东城区北新桥街道北新桥三条67号",
	"type": "寺庙宫观",
	"lnglat": [116.41919604451039, 39.94330770970193]
}, {
	"name": "土地庙",
	"addres": "北京市东城区交道口街道交道口南大街7号",
	"type": "寺庙宫观",
	"lnglat": [116.40828619257483, 39.94058466208501]
}, {
	"name": "大弘庙",
	"addres": "北京市东城区景山街道三眼井胡同2号",
	"type": "寺庙宫观",
	"lnglat": [116.40296837789725, 39.927933205785614]
}, {
	"name": "送子观音庵",
	"addres": "北京市东城区朝阳门街道东罗圈胡同10号",
	"type": "寺庙宫观",
	"lnglat": [116.42563434637299, 39.917999503991304]
}, {
	"name": "慈源寺",
	"addres": "北京市东城区天坛街道东晓市街147、149、151、153、155、157、159号",
	"type": "寺庙宫观",
	"lnglat": [116.41321899074426, 39.8906450275803]
}, {
	"name": "地藏庵",
	"addres": "北京市东城区前门街道北桥湾10号",
	"type": "寺庙宫观",
	"lnglat": [116.40721084775501, 39.893790359828465]
}, {
	"name": "福德庵",
	"addres": "北京市东城区安定门街道鼓楼西大街1号",
	"type": "寺庙宫观",
	"lnglat": [116.39510373567413, 39.94091513236406]
}, {
	"name": "观音寺",
	"addres": "北京市东城区东四街道东四八条15-1号",
	"type": "寺庙宫观",
	"lnglat": [116.42515318003883, 39.93244437015457]
}, {
	"name": "慈慧寺遗存",
	"addres": "北京市东城区景山街道北月牙胡同11号",
	"type": "寺庙宫观",
	"lnglat": [116.3970654183005, 39.932374635387504]
}, {
	"name": "药王庙",
	"addres": "北京市东城区交道口街道东不压桥6号",
	"type": "寺庙宫观",
	"lnglat": [116.39930017474974, 39.934425218718296]
}, {
	"name": "黄瓦财神庙",
	"addres": "北京市东城区安定门街道鼓楼东大街117号",
	"type": "寺庙宫观",
	"lnglat": [116.40325850939294, 39.940979283660624]
}, {
	"name": "前厂胡同毗卢庵遗存",
	"addres": "北京市东城区前厂胡同8号",
	"type": "寺庙宫观",
	"lnglat": [116.41606493563698, 39.9212648346192]
}, {
	"name": "法华寺遗存",
	"addres": "北京市东城区东华门街道多福巷32号、44号",
	"type": "寺庙宫观",
	"lnglat": [116.41181251492343, 39.922955642307116]
}, {
	"name": "铁山寺",
	"addres": "北京市东城区前门街道珠市口东大街217号",
	"type": "寺庙宫观",
	"lnglat": [116.40699380804732, 39.89350229992188]
}, {
	"name": "月水寺遗存",
	"addres": "北京市东城区东四街道东四五条29号",
	"type": "寺庙宫观",
	"lnglat": [116.42414578399914, 39.92868509127758]
}, {
	"name": "白衣观音庵遗存",
	"addres": "北京市东城区安定门街道雍和宫大街43号",
	"type": "寺庙宫观",
	"lnglat": [116.41650610708044, 39.94704696184698]
}, {
	"name": "地藏禅林",
	"addres": "北京市东城区崇文门外街道原东茶食胡同110号",
	"type": "寺庙宫观",
	"lnglat": [116.42741993406416, 39.89463198301047]
}, {
	"name": "朝阳阁",
	"addres": "北京市东城区前门街道大席胡同6号",
	"type": "寺庙宫观",
	"lnglat": [116.40429585286216, 39.894250554009496]
}, {
	"name": "五圣禅林",
	"addres": "北京市东城区崇文门外街道北武胜巷4号",
	"type": "寺庙宫观",
	"lnglat": [116.41180049210648, 39.896094634250204]
}, {
	"name": "报恩寺",
	"addres": "北京市东城区北新桥街道北新桥二条49号",
	"type": "寺庙宫观",
	"lnglat": [116.41766451523303, 39.94266328087547]
}, {
	"name": "伏魔庵遗存",
	"addres": "北京市东城区北新桥街道东四十条41号",
	"type": "寺庙宫观",
	"lnglat": [116.42524617802275, 39.933946402343764]
}, {
	"name": "地安门东大街关帝庙",
	"addres": "北京市东城区交道口街道地安门东大街55号",
	"type": "寺庙宫观",
	"lnglat": [116.40630650258214, 39.93365811268806]
}, {
	"name": "观音阁",
	"addres": "北京市东城区前门街道西打磨厂街262号",
	"type": "寺庙宫观",
	"lnglat": [116.40878036269214, 39.89905978704092]
}, {
	"name": "雷音禅林",
	"addres": "北京市东城区前门街道北芦草园胡同23号",
	"type": "寺庙宫观",
	"lnglat": [116.40716783389007, 39.89446934858052]
}, {
	"name": "火神庙",
	"addres": "北京市东城区前门街道北芦草园胡同85号",
	"type": "寺庙宫观",
	"lnglat": [116.40471603677199, 39.89518667574382]
}, {
	"name": "关帝禅林",
	"addres": "北京市东城区东四街道东四七条43号",
	"type": "寺庙宫观",
	"lnglat": [116.42210809514961, 39.931802525739926]
}, {
	"name": "卧佛寺",
	"addres": "北京市东城区东花市街道东花市斜街34号，现址东花市南里东区甲8号",
	"type": "寺庙宫观",
	"lnglat": [116.43664111829983, 39.89561246656869]
}, {
	"name": "花市火神庙",
	"addres": "北京市东城区崇文门外街道西花市大街113号",
	"type": "寺庙宫观",
	"lnglat": [116.4211777511944, 39.89736625200002]
}, {
	"name": "灵应三官庙",
	"addres": "北京市东城区前门街道北晓顺胡同1号",
	"type": "寺庙宫观",
	"lnglat": [116.39884696527419, 39.89826010309931]
}, {
	"name": "显应白衣观音庵",
	"addres": "北京市东城区前门街道得丰西巷4号",
	"type": "寺庙宫观",
	"lnglat": [116.40271635644137, 39.89451613443019]
}, {
	"name": "昭泰门",
	"addres": "北京市东城区北新桥街道雍和宫大街12号雍和宫内",
	"type": "寺庙宫观",
	"lnglat": [116.4179916260785, 39.94738937714671]
}, {
	"name": "法通寺建筑遗存",
	"addres": "北京市东城区安定门街道华丰胡同5号",
	"type": "寺庙宫观",
	"lnglat": [116.40240619429696, 39.94406505597637]
}, {
	"name": "关帝庙",
	"addres": "北京市东城区景山街道景山东街4号",
	"type": "寺庙宫观",
	"lnglat": [116.39953918762968, 39.927450281824974]
}, {
	"name": "智珠寺",
	"addres": "北京市东城区景山街道嵩祝院23号、嵩祝寺北巷6号",
	"type": "寺庙宫观",
	"lnglat": [116.4040777594262, 39.92833150604659]
}, {
	"name": "雷祖庙遗存",
	"addres": "北京市东城区景山街道美术馆后街黄米胡同3号",
	"type": "寺庙宫观",
	"lnglat": [116.4092175733525, 39.92690092079349]
}, {
	"name": "关帝庙",
	"addres": "北京市东城区景山街道美术馆后街86号",
	"type": "寺庙宫观",
	"lnglat": [116.40892747979014, 39.9306508375567]
}, {
	"name": "弥勒院",
	"addres": "北京市东城区朝阳门街道西花厅胡同15号",
	"type": "寺庙宫观",
	"lnglat": [116.42394170248933, 39.92027103259136]
}, {
	"name": "华严寺",
	"addres": "北京市东城区景山街道水簸箕胡同甲5号",
	"type": "寺庙宫观",
	"lnglat": [116.40467799727948, 39.93178167193966]
}, {
	"name": "药王庙",
	"addres": "北京市东城区天坛街道东晓市街101号",
	"type": "寺庙宫观",
	"lnglat": [116.41590686334752, 39.89107978027444]
}, {
	"name": "境灵寺",
	"addres": "北京市东城区景山街道汪芝麻胡同9号",
	"type": "寺庙宫观",
	"lnglat": [116.416423072415, 39.93234793221088]
}, {
	"name": "三眼井关帝庙",
	"addres": "北京市东城区景山街道景山东街三眼井72号",
	"type": "寺庙宫观",
	"lnglat": [116.40112978142562, 39.92817971027545]
}, {
	"name": "火神庙",
	"addres": "北京市东城区安定门街道国子监街78号。",
	"type": "寺庙宫观",
	"lnglat": [116.40936760850113, 39.94531695896983]
}, {
	"name": "玉河庵",
	"addres": "北京市东城区交道口街道东不压桥胡同南口至福祥胡同西口",
	"type": "寺庙宫观",
	"lnglat": [116.40147986354675, 39.93419480703636]
}, {
	"name": "法渊寺",
	"addres": "北京市东城区景山街道嵩祝寺北巷2号",
	"type": "寺庙宫观",
	"lnglat": [116.41059308666708, 39.92696129664644]
}, {
	"name": "法华寺",
	"addres": "北京市东城区体育馆路街道法华寺街65、67、69号",
	"type": "寺庙宫观",
	"lnglat": [116.42464902113196, 39.88807122369156]
}, {
	"name": "龙王庙",
	"addres": "北京市东城区交道口街道交道口南大街79号",
	"type": "寺庙宫观",
	"lnglat": [116.40858430118625, 39.934528743704]
}, {
	"name": "布达拉寺",
	"addres": "北京市东城区安定门街道雍和宫大街53号",
	"type": "寺庙宫观",
	"lnglat": [116.41637311399093, 39.94656991840725]
}, {
	"name": "雍和宫殿",
	"addres": "北京市东城区北新桥街道雍和宫大街12号",
	"type": "寺庙宫观",
	"lnglat": [116.4179916260785, 39.94738937714671]
}, {
	"name": "宝坊院",
	"addres": "北京市东城区北新桥街道雍和宫大街12号",
	"type": "寺庙宫观",
	"lnglat": [116.4179916260785, 39.94738937714671]
}, {
	"name": "皇恩桥玄真观",
	"addres": "北京市东城区东华门街道东华门大街1号",
	"type": "寺庙宫观",
	"lnglat": [116.40627257030195, 39.915395104199526]
}, {
	"name": "宝公寺",
	"addres": "北京市东城区北新桥街道东直门内大街267号",
	"type": "寺庙宫观",
	"lnglat": [116.41796464308318, 39.94113336965549]
}, {
	"name": "兴隆寺",
	"addres": "北京市东城区景山街道东板桥东巷6号",
	"type": "寺庙宫观",
	"lnglat": [116.40240523593928, 39.93107405449044]
}, {
	"name": "东药王庙遗存",
	"addres": "北京市东城区东直门街道东直门北中街南口东南角",
	"type": "寺庙宫观",
	"lnglat": [116.42832625084924, 39.94455724599554]
}, {
	"name": "关帝庙",
	"addres": "北京市东城区景山街道小细管胡同13号",
	"type": "寺庙宫观",
	"lnglat": [116.41574389517932, 39.9307107446243]
}, {
	"name": "西竺禅林",
	"addres": "北京市东城区前门街道群智巷1号",
	"type": "寺庙宫观",
	"lnglat": [116.40468699260731, 39.89408566954579]
}, {
	"name": "夕照寺",
	"addres": "北京市东城区龙潭街道夕照寺中街13号",
	"type": "寺庙宫观",
	"lnglat": [116.4404293122767, 39.88955443304453]
}, {
	"name": "缘庆禅林",
	"addres": "北京市东城区建国门街道北极阁三条22号",
	"type": "寺庙宫观",
	"lnglat": [116.42171601076043, 39.910599407086806]
}, {
	"name": "永寿寺",
	"addres": "北京市东城区安定门街道王佐胡同25号",
	"type": "寺庙宫观",
	"lnglat": [116.39710641285836, 39.944699648698375]
}, {
	"name": "通教寺",
	"addres": "北京市东城区北新桥街道针线胡同19号",
	"type": "寺庙宫观",
	"lnglat": [116.42659866382157, 39.94416177468141]
}, {
	"name": "福德禅林",
	"addres": "北京市东城区前门街道罗家井胡同23号",
	"type": "寺庙宫观",
	"lnglat": [116.40718686404529, 39.893921354088725]
}, {
	"name": "嵩祝寺",
	"addres": "北京市东城区景山街道北河沿大街25号，嵩祝院北巷4号",
	"type": "寺庙宫观",
	"lnglat": [116.40290132275832, 39.929195190583165]
}, {
	"name": "延寿院",
	"addres": "北京市东城区交道口街道方砖厂胡同79号",
	"type": "寺庙宫观",
	"lnglat": [116.39784267393264, 39.93821584459491]
}, {
	"name": "福祥寺",
	"addres": "北京市东城区交道口街道福祥胡同25号",
	"type": "寺庙宫观",
	"lnglat": [116.40032547065798, 39.93426549738343]
}, {
	"name": "雍和门",
	"addres": "北京市东城区北新桥街道雍和宫大街12号雍和宫内",
	"type": "寺庙宫观",
	"lnglat": [116.4179916260785, 39.94738937714671]
}, {
	"name": "永佑殿",
	"addres": "北京市东城区北新桥街道雍和宫大街12号雍和宫内",
	"type": "寺庙宫观",
	"lnglat": [116.4179916260785, 39.94738937714671]
}, {
	"name": "万福阁",
	"addres": "北京市东城区北新桥街道雍和宫大街12号雍和宫内",
	"type": "寺庙宫观",
	"lnglat": [116.4179916260785, 39.94738937714671]
}, {
	"name": "法轮殿",
	"addres": "北京市东城区北新桥街道雍和宫大街12号雍和宫内",
	"type": "寺庙宫观",
	"lnglat": [116.4179916260785, 39.94738937714671]
}, {
	"name": "戒台楼",
	"addres": "北京市东城区北新桥街道雍和宫大街12号雍和宫内",
	"type": "寺庙宫观",
	"lnglat": [116.4179916260785, 39.94738937714671]
}, {
	"name": "班禅楼",
	"addres": "北京市东城区北新桥街道雍和宫大街12号雍和宫内",
	"type": "寺庙宫观",
	"lnglat": [116.4179916260785, 39.94738937714671]
}, {
	"name": "关帝庙",
	"addres": "北京市东城区交道口北三条22号、24号",
	"type": "寺庙宫观",
	"lnglat": [116.41503261724252, 39.94326054766827]
}, {
	"name": "天圣禅林",
	"addres": "北京市东城区安定门街道交道口北三条23号",
	"type": "寺庙宫观",
	"lnglat": [116.41541877173186, 39.94345065540085]
}, {
	"name": "毗卢庵遗存",
	"addres": "北京市东城区安定门街道箭厂胡同25号",
	"type": "寺庙宫观",
	"lnglat": [116.4115053723839, 39.94632455587721]
}, {
	"name": "隆安寺",
	"addres": "北京市东城区东花市街道白桥大街南里1、3号",
	"type": "寺庙宫观",
	"lnglat": [116.44049029631464, 39.89581645166035]
}, {
	"name": "袁崇焕庙",
	"addres": "北京市东城区龙潭街道龙潭公园内",
	"type": "寺庙宫观",
	"lnglat": [116.44066738992302, 39.87870348469332]
}, {
	"name": "翠云仙院",
	"addres": "北京市东城区安定门街道草厂北巷8号",
	"type": "寺庙宫观",
	"lnglat": [116.39658924421805, 39.94329251036254]
}, {
	"name": "常宁寺遗存",
	"addres": "北京市东城区朝阳门街道礼士胡同119号",
	"type": "寺庙宫观",
	"lnglat": [116.42166991185105, 39.9220684012688]
}, {
	"name": "姚彬关王庙",
	"addres": "北京市东城区天坛街道东晓市街65号",
	"type": "寺庙宫观",
	"lnglat": [116.41623001549209, 39.8903738626453]
}, {
	"name": "宏恩观",
	"addres": "北京市东城区安定门街道张旺胡同2、4号，豆腐池胡同21、23号",
	"type": "寺庙宫观",
	"lnglat": [116.39640419117674, 39.94449946166648]
}, {
	"name": "大兴胡同28号四合院",
	"addres": "北京市东城区交道口街道大兴胡同28号",
	"type": "寺庙宫观",
	"lnglat": [116.40964870193018, 39.93769503683924]
}, {
	"name": "智化寺",
	"addres": "北京市东城区朝阳门街道禄米仓胡同5号",
	"type": "寺庙宫观",
	"lnglat": [116.4323406660404, 39.91733932890516]
}, {
	"name": "欧美同学会",
	"addres": "北京市东城区东华门街道南河沿大街111号",
	"type": "寺庙宫观",
	"lnglat": [116.40605948188717, 39.909322048538804]
}, {
	"name": "凝和庙",
	"addres": "北京市东城区东华门街道北池子大街46号",
	"type": "寺庙宫观",
	"lnglat": [116.40332346467123, 39.919352297227974]
}, {
	"name": "贤良寺",
	"addres": "北京市东城区东华门街道校尉胡同10号",
	"type": "寺庙宫观",
	"lnglat": [116.40785210718596, 39.9147075349845]
}, {
	"name": "关帝高庙",
	"addres": "北京市东城区前门街道青云胡同23号",
	"type": "寺庙宫观",
	"lnglat": [116.40440884166345, 39.89558658770366]
}, {
	"name": "演乐胡同86号四合院",
	"addres": "北京市东城区朝阳门街道演乐胡同86号",
	"type": "寺庙宫观",
	"lnglat": [116.42195108649233, 39.920535483325445]
}, {
	"name": "普度寺",
	"addres": "北京市东城区东华门街道普渡寺前巷35号",
	"type": "寺庙宫观",
	"lnglat": [116.4046930164151, 39.913097667218054]
}, {
	"name": "大兴胡同18号四合院",
	"addres": "北京市东城区交道口街道大兴胡同18号",
	"type": "寺庙宫观",
	"lnglat": [116.41059005411509, 39.937665301018995]
}, {
	"name": "雍和宫",
	"addres": "北京市东城区北新桥街道雍和宫大街12号",
	"type": "寺庙宫观",
	"lnglat": [116.4179916260785, 39.94738937714671]
}, {
	"name": "花市清真寺",
	"addres": "北京市东城区崇外街道西花市大街80号",
	"type": "清真寺",
	"lnglat": [116.42356658255689, 39.89700492542177]
}, {
	"name": "东四清真寺",
	"addres": "北京市东城区东华门街道东四南大街13号",
	"type": "清真寺",
	"lnglat": [116.41703130448127, 39.92335209855]
}, {
	"name": "南豆芽胡同清真寺",
	"addres": "北京市东城区东四街道豆瓣胡同4号",
	"type": "清真寺",
	"lnglat": [116.43254972569605, 39.92796639072969]
}, {
	"name": "东交民巷教堂附属建筑",
	"addres": "北京市东城区东华门街道台基厂大街14号",
	"type": "教堂",
	"lnglat": [116.41232168031496, 39.903349777170554]
}, {
	"name": "圣米厄尔教堂",
	"addres": "北京市区东城区东华门街道东交民巷甲13号",
	"type": "教堂",
	"lnglat": [116.41204250887242, 39.90298470299776]
}, {
	"name": "基督教安定门内教堂",
	"addres": "北京市东城区安定门街道安定门内大街322号",
	"type": "教堂",
	"lnglat": [116.40876334814457, 39.94125979445716]
}, {
	"name": "基督教救世军中央堂",
	"addres": "北京市东城区东华门街道王府井大街24、26号",
	"type": "教堂",
	"lnglat": [116.4111632323316, 39.92113845357158]
}, {
	"name": "基督教公理会旧址",
	"addres": "北京市东城区东华门街道灯市口北巷15号",
	"type": "教堂",
	"lnglat": [116.41370913672793, 39.92054817017359]
}, {
	"name": "东堂",
	"addres": "北京市东城区东华门街道王府井大街74号",
	"type": "教堂",
	"lnglat": [116.41194755833531, 39.91728967662258]
}, {
	"name": "南岗子天主堂",
	"addres": "北京市东城区体育馆路街道永生巷6号",
	"type": "教堂",
	"lnglat": [116.42754000546121, 39.88920401702827]
}, {
	"name": "中华圣经会旧址",
	"addres": "北京市东城区东华门街道东单北大街21号",
	"type": "教堂",
	"lnglat": [116.4176205338591, 39.91441026874723]
}, {
	"name": "宽街堂",
	"addres": "北京市东城区景山街道地安门东大街吉祥胡同10号",
	"type": "教堂",
	"lnglat": [116.40088371793077, 39.93304264492902]
}, {
	"name": "亚斯立堂",
	"addres": "北京市东城区建国门街道后沟胡同丁2号",
	"type": "教堂",
	"lnglat": [116.42045650093286, 39.9028810596016]
}, {
	"name": "船板胡同2号建筑",
	"addres": "北京市东城区建国门街道船板胡同2号",
	"type": "教堂",
	"lnglat": [116.42108178411827, 39.902528229068324]
}, {
	"name": "基督教细管胡同救世军堂",
	"addres": "北京市东城区交道口街道细管胡同4号",
	"type": "教堂",
	"lnglat": [116.41592891426704, 39.93703179331234]
}, {
	"name": "朝阳门内大街81号建筑",
	"addres": "北京市东城区东四街道朝阳门内大街81号",
	"type": "教堂",
	"lnglat": [116.42922053974749, 39.92474449246312]
}, {
	"name": "意大利使馆旧址建筑群",
	"addres": "北京市东城区东华门街道台基厂大街1号",
	"type": "教堂",
	"lnglat": [116.41046400972924, 39.90657826231564]
}, {
	"name": "原意大利使馆教堂",
	"addres": "北京市东城区东华门街道台基厂大街1号",
	"type": "教堂",
	"lnglat": [116.41046400972924, 39.90657826231564]
}, {
	"name": "理郡王府旧址",
	"addres": "北京市东城区北新桥街道北新桥三条1号",
	"type": "王府",
	"lnglat": [116.42519114718692, 39.9434463846825]
}, {
	"name": "和敬公主府",
	"addres": "北京市东城区交道口街道张自忠路7号",
	"type": "王府",
	"lnglat": [116.41309389002487, 39.934227997777825]
}, {
	"name": "恒亲王府",
	"addres": "北京市东城区东四街道朝阳门内大街55号",
	"type": "王府",
	"lnglat": [116.43142329222175, 39.924831091419925]
}, {
	"name": "桂公府",
	"addres": "北京市东城区朝阳门街道芳嘉园胡同11号，新鲜胡同40、42号",
	"type": "王府",
	"lnglat": [116.42853632243943, 39.920437298431835]
}, {
	"name": "睿亲王府",
	"addres": "北京市东城区建国门街道外交部街31号",
	"type": "王府",
	"lnglat": [116.42351763620808, 39.913540910050536]
}, {
	"name": "惠王府",
	"addres": "北京市东城区东华门街道富强胡同3号，灯市口西街5号",
	"type": "王府",
	"lnglat": [116.40891447656902, 39.91964783390694]
}, {
	"name": "东交民巷使馆建筑群",
	"addres": "北京市东城区东华门街道东长安街14号",
	"type": "王府",
	"lnglat": [116.40473097630854, 39.905678681268306]
}, {
	"name": "宁郡王府",
	"addres": "北京市东城区建国门街道北极阁三条69、71号，新开路胡同92、94、96、98、100号",
	"type": "王府",
	"lnglat": [116.41911199632945, 39.911156682847185]
}, {
	"name": "贝子溥伦府",
	"addres": "北京市东华门街道东城区大甜水井胡同21号",
	"type": "王府",
	"lnglat": [116.40995280315806, 39.91216711749276]
}, {
	"name": "超勇公海兰察府",
	"addres": "北京市东城区东四街道东四七条57号",
	"type": "王府",
	"lnglat": [116.42175096111637, 39.93159142661777]
}, {
	"name": "贝子奕谟府遗存",
	"addres": "北京市东城区东四街道东四九条69号",
	"type": "王府",
	"lnglat": [116.42424883738627, 39.93300412657186]
}, {
	"name": "贝勒载涛府",
	"addres": "北京市东城区景山街道山老胡同5、7、9号",
	"type": "王府",
	"lnglat": [116.41142628679995, 39.93220253008671]
}, {
	"name": "协作胡同5号宅院",
	"addres": "北京市东城区景山街道协作胡同5号",
	"type": "王府",
	"lnglat": [116.41433239447188, 39.933002348226246]
}, {
	"name": "东交民巷使馆建筑群奥地利使馆旧址",
	"addres": "北京市东城区东华门街道台基厂社区台基厂头条3号",
	"type": "王府",
	"lnglat": [116.41319196283855, 39.90605002475503]
}, {
	"name": "孚王府",
	"addres": "北京市东城区朝阳门街道朝阳门内大街137号",
	"type": "王府",
	"lnglat": [116.42505718755791, 39.924695342574196]
}, {
	"name": "东城区国祥胡同甲2号四合院",
	"addres": "北京市东城区安定门街道国祥胡同甲2号",
	"type": "王府",
	"lnglat": [116.39885002436188, 39.94656410597399]
}, {
	"name": "车郡王府建筑遗存",
	"addres": "北京市东城区东四街道东四三条35号",
	"type": "王府",
	"lnglat": [116.42260426071078, 39.92698566730292]
}, {
	"name": "黎元洪旧居",
	"addres": "北京市东城区东华门街道王府井大街27号",
	"type": "王府",
	"lnglat": [116.4105450394959, 39.922602290721834]
}, {
	"name": "京师大学堂建筑遗存",
	"addres": "北京市东城区景山街道沙滩后街55、59号",
	"type": "王府",
	"lnglat": [116.40154287161994, 39.925484822313045]
}, {
	"name": "清陆军部和海军部旧址",
	"addres": "北京市东城区交道口街道张自忠路3号",
	"type": "王府",
	"lnglat": [116.41511667497191, 39.93381856548226]
}, {
	"name": "东交民巷使馆建筑群法国使馆旧址",
	"addres": "北京市东城区东华门街道东交民巷15号",
	"type": "王府",
	"lnglat": [116.41036496603917, 39.9029652295708]
}, {
	"name": "段祺瑞宅",
	"addres": "北京市东城区东四街道仓南胡同5号",
	"type": "王府",
	"lnglat": [116.43015094447935, 39.92849374576197]
}, {
	"name": "贝子弘旿府",
	"addres": "北京市东城区景山街道大取灯胡同9号",
	"type": "王府",
	"lnglat": [116.40752100682063, 39.93033244841097]
}, {
	"name": "贤良寺",
	"addres": "北京市东城区东华门街道校尉胡同10号",
	"type": "王府",
	"lnglat": [116.40785210718596, 39.9147075349845]
}, {
	"name": "北京大学地质馆旧址",
	"addres": "北京市东城区景山街道沙滩北街15号",
	"type": "王府",
	"lnglat": [116.40355263869819, 39.925822359063034]
}, {
	"name": "普度寺",
	"addres": "北京市东城区东华门街道普渡寺前巷35号",
	"type": "王府",
	"lnglat": [116.4046930164151, 39.913097667218054]
}, {
	"name": "肃亲王新府遗存",
	"addres": "北京市东城区北新桥街道东四十四条91、93号",
	"type": "王府",
	"lnglat": [116.4185558847231, 39.93724653461722]
}, {
	"name": "僧王府",
	"addres": "北京市东城区交道口街道炒豆胡同73、75、77号，板厂胡同30、32、34号",
	"type": "王府",
	"lnglat": [116.40452990165893, 39.93433962796739]
}, {
	"name": "东城区方家胡同13、15号四合院",
	"addres": "北京市东城区安定门街道方家胡同13号、15号",
	"type": "王府",
	"lnglat": [116.41456445822317, 39.94440541793517]
}, {
	"name": "东城区内务部街11号四合院",
	"addres": "北京市东城区朝阳门街道内务部街11号",
	"type": "王府",
	"lnglat": [116.42558127484712, 39.91935549190524]
}, {
	"name": "绮园花园",
	"addres": "北京市东城区交道口街道秦老胡同35号",
	"type": "王府",
	"lnglat": [116.40588940725321, 39.93705600074233]
}, {
	"name": "雍和宫",
	"addres": "北京市东城区北新桥街道雍和宫大街12号",
	"type": "王府",
	"lnglat": [116.4179916260785, 39.94738937714671]
}, {
	"name": "东交民巷使馆建筑群英国使馆旧址",
	"addres": "北京市东城区东华门街道东长安街14号",
	"type": "王府",
	"lnglat": [116.40473097630854, 39.905678681268306]
}, {
	"name": "东四七条79号四合院",
	"addres": "北京市东城区东四街道东四七条79号",
	"type": "王府",
	"lnglat": [116.41928708725435, 39.9315927360846]
}, {
	"name": "孙中山行馆",
	"addres": "北京市东城区交道口街道张自忠路23号",
	"type": "王府",
	"lnglat": [116.4110211555268, 39.93362542040275]
}, {
	"name": "东交民巷使馆建筑群日本使馆旧址",
	"addres": "北京市东城区东华门街道正义路2号",
	"type": "王府",
	"lnglat": [116.40881237855136, 39.904695800516855]
}, {
	"name": "协和医学院旧址",
	"addres": "北京市东城区东华门街道帅府园胡同1号，东城区东华门街道东单三条9号",
	"type": "王府",
	"lnglat": [116.41758551706617, 39.91255425221683]
}, {
	"name": "小白玉霜旧居",
	"addres": "北京市东城区前门街道西兴隆街201号",
	"type": "故居",
	"lnglat": [116.4109571226642, 39.89720639087035]
}, {
	"name": "义烈公德鉴府",
	"addres": "北京市东城区北新桥街道北新桥二条43号",
	"type": "故居",
	"lnglat": [116.41879092876219, 39.94267659855326]
}, {
	"name": "散秩大臣宝全宅",
	"addres": "北京市东城区交道口街道地安门东大街45号",
	"type": "故居",
	"lnglat": [116.40764602873931, 39.93364947998376]
}, {
	"name": "一等果毅继勇公阿里衮府",
	"addres": "北京市东城区交道口街道地安门东大街43号",
	"type": "故居",
	"lnglat": [116.40802511820988, 39.933644585641325]
}, {
	"name": "石友三旧居",
	"addres": "北京市东城区安定门街道钟楼湾胡同84号",
	"type": "故居",
	"lnglat": [116.3966172921187, 39.94119152162959]
}, {
	"name": "董希文旧居",
	"addres": "北京市东城区建国门街道西总布胡同74号",
	"type": "故居",
	"lnglat": [116.42018745556459, 39.91196398680633]
}, {
	"name": "洪承畴旧居",
	"addres": "北京市东城区交道口街道南锣鼓巷59号",
	"type": "故居",
	"lnglat": [116.40301540010859, 39.93820922303038]
}, {
	"name": "李莲英旧居",
	"addres": "北京市东城区交道口街道后圆恩寺胡同1号",
	"type": "故居",
	"lnglat": [116.40757996091541, 39.9385944654497]
}, {
	"name": "载涛旧居",
	"addres": "北京市东城区景山街道西扬威胡同14号",
	"type": "故居",
	"lnglat": [116.41007188759228, 39.930996156458484]
}, {
	"name": "文靖公松筠宅",
	"addres": "北京市东城区东四街道东四二条1、3、5、7、9号",
	"type": "故居",
	"lnglat": [116.42112778488345, 39.92633625381649]
}, {
	"name": "李淑贤旧居",
	"addres": "北京市东城区东四街道东四八条20号",
	"type": "故居",
	"lnglat": [116.42440587755821, 39.93214416222911]
}, {
	"name": "萧乾旧居",
	"addres": "北京市东城区北新桥街道门楼胡同49号",
	"type": "故居",
	"lnglat": [116.42247420554592, 39.93586562882436]
}, {
	"name": "管平湖旧居",
	"addres": "北京市东城区北新桥街道东四十三条7号",
	"type": "故居",
	"lnglat": [116.42533922157816, 39.93659142032239]
}, {
	"name": "裕容龄旧居",
	"addres": "北京市东城区东华门街道东皇城根南街48号",
	"type": "故居",
	"lnglat": [116.4070457780959, 39.91992831797695]
}, {
	"name": "胡传揆旧居",
	"addres": "北京市东城区建国门街道西总布胡同13号",
	"type": "故居",
	"lnglat": [116.42518517431313, 39.91227037456578]
}, {
	"name": "可园",
	"addres": "北京市东城区交道口街道帽儿胡同7、9、11、13号",
	"type": "故居",
	"lnglat": [116.40231018711042, 39.93637603240845]
}, {
	"name": "费正清旧居",
	"addres": "北京市东城区建国门街道西总布胡同21号",
	"type": "故居",
	"lnglat": [116.42389771626722, 39.91221901967085]
}, {
	"name": "倪宝林旧居",
	"addres": "北京市东城区建国门街道三源胡同25号",
	"type": "故居",
	"lnglat": [116.42118679428184, 39.90481726363229]
}, {
	"name": "老舍故居",
	"addres": "北京市东城区东华门街道丰富胡同19号",
	"type": "故居",
	"lnglat": [116.40839929261493, 39.91869268972507]
}, {
	"name": "完颜氏王衡光故居",
	"addres": "北京市东城区安定门街道柴棒胡同55号",
	"type": "故居",
	"lnglat": [116.40592739733655, 39.946352015957615]
}, {
	"name": "路易·艾黎旧居",
	"addres": "北京市东城区东华门街道台基厂大街1号",
	"type": "故居",
	"lnglat": [116.41046400972924, 39.90657826231564]
}, {
	"name": "大学士耆英宅",
	"addres": "北京市东城区景山街道钱粮胡同19、21号，育群胡同20、甲20号院",
	"type": "故居",
	"lnglat": [116.41367608946005, 39.92792016235935]
}, {
	"name": "田汉故居",
	"addres": "北京市东城区交道口街道细管胡同9号",
	"type": "故居",
	"lnglat": [116.41535973366135, 39.93746663324015]
}, {
	"name": "王汝勤旧居",
	"addres": "北京市东城区交道口街道前鼓楼苑胡同2号",
	"type": "故居",
	"lnglat": [116.40277435326522, 39.939084156699955]
}, {
	"name": "马辉堂花园",
	"addres": "北京市东城区景山街道魏家胡同18号，小细管胡同15号",
	"type": "故居",
	"lnglat": [116.41463147303143, 39.931420428976814]
}, {
	"name": "基督教美以美会牧师住宅",
	"addres": "北京市东城区建国门街道北京站西街后沟胡同2号",
	"type": "故居",
	"lnglat": [116.42199510083957, 39.90211149017894]
}, {
	"name": "王金声旧居",
	"addres": "北京市东城区交道口街道蓑衣胡同10号",
	"type": "故居",
	"lnglat": [116.40069264699866, 39.934587591267906]
}, {
	"name": "王金声旧居",
	"addres": "北京市东城区交道口街道蓑衣胡同12号",
	"type": "故居",
	"lnglat": [116.4006926406176, 39.93453758964344]
}, {
	"name": "蔡元培故居",
	"addres": "北京市东城区建国门街道东堂子胡同75号",
	"type": "故居",
	"lnglat": [116.41868587127884, 39.9142825588931]
}, {
	"name": "同福夹道4号住宅",
	"addres": "北京市东城区东华门街道同福夹道4号",
	"type": "故居",
	"lnglat": [116.4161039699357, 39.920893836137346]
}, {
	"name": "袁克定旧居",
	"addres": "北京市东城区朝阳门街道西罗圈胡同3号、3号后门",
	"type": "故居",
	"lnglat": [116.42368769624834, 39.91837296313389]
}, {
	"name": "杜聿明旧居",
	"addres": "北京市东城区东华门街道前厂胡同5号",
	"type": "故居",
	"lnglat": [116.41705633423084, 39.92134310552994]
}, {
	"name": "林巧稚旧居",
	"addres": "北京市东城区建国门街道东堂子胡同25号",
	"type": "故居",
	"lnglat": [116.42493109447334, 39.914356309248234]
}, {
	"name": "庄士敦旧居",
	"addres": "北京市东城区安定门街道张旺胡同15号",
	"type": "故居",
	"lnglat": [116.39603010762522, 39.94478936372892]
}, {
	"name": "老人艺宿舍",
	"addres": "北京市东城区朝阳门街道史家胡同20号",
	"type": "故居",
	"lnglat": [116.42305943894775, 39.91817378435183]
}, {
	"name": "江朝宗旧居",
	"addres": "北京市东城区东华门街道北湾子胡同26号、28号",
	"type": "故居",
	"lnglat": [116.40536125527372, 39.91038285058172]
}, {
	"name": "张勋旧居",
	"addres": "北京市东城区东华门街道南河沿大街33号",
	"type": "故居",
	"lnglat": [116.40649057353053, 39.912190159916996]
}, {
	"name": "黄化门街43号宅院",
	"addres": "北京市东城区景山街道黄化门胡同43号",
	"type": "故居",
	"lnglat": [116.41059308666708, 39.92696129664644]
}, {
	"name": "冰心旧居",
	"addres": "北京市东城区交道口街道张自忠路中剪子巷33号",
	"type": "故居",
	"lnglat": [116.41147830926475, 39.93403754801373]
}, {
	"name": "王金声旧居",
	"addres": "北京市东城区交道口街道福祥胡同15号",
	"type": "故居",
	"lnglat": [116.40110476653618, 39.93439870424719]
}, {
	"name": "王金声旧居",
	"addres": "北京市东城区交道口街道福祥胡同17号",
	"type": "故居",
	"lnglat": [116.40097971539788, 39.93433466954741]
}, {
	"name": "梅兰芳旧居",
	"addres": "北京市东城区前门街道青云胡同29号",
	"type": "故居",
	"lnglat": [116.40436690082574, 39.89532157770476]
}, {
	"name": "周瑞安旧居",
	"addres": "北京市东城区前门街道青云胡同15号",
	"type": "故居",
	"lnglat": [116.40445792979273, 39.89622060597022]
}, {
	"name": "王蕙芳旧居",
	"addres": "北京市东城区前门街道北芦草园胡同41号",
	"type": "故居",
	"lnglat": [116.40633154361852, 39.894762117189075]
}, {
	"name": "什锦花园胡同23号宅院",
	"addres": "北京市东城区景山街道什锦花园胡同23号",
	"type": "故居",
	"lnglat": [116.41418428519171, 39.930132307731455]
}, {
	"name": "欧阳予倩故居",
	"addres": "北京市东城区交道口街道张自忠路5号",
	"type": "故居",
	"lnglat": [116.41391818103007, 39.93402222751726]
}, {
	"name": "萧龙友旧居",
	"addres": "北京市东城区交道口街道北兵马司胡同23号",
	"type": "故居",
	"lnglat": [116.40421982207972, 39.93646354395562]
}, {
	"name": "毛主席故居",
	"addres": "北京市东城区景山街道吉安所左巷8号",
	"type": "故居",
	"lnglat": [116.40064064899144, 39.92926257762746]
}, {
	"name": "张作霖马号大门",
	"addres": "北京市东城区交道口街道东棉花胡同18号",
	"type": "故居",
	"lnglat": [116.40702177395363, 39.93557531750781]
}, {
	"name": "茅盾故居",
	"addres": "北京市东城区交道口街道后圆恩寺胡同13号",
	"type": "故居",
	"lnglat": [116.40466497118726, 39.938643666104845]
}, {
	"name": "梁启超故居",
	"addres": "北京市东城区北新桥街道北沟沿胡同23号",
	"type": "故居",
	"lnglat": [116.42389677200242, 39.93772302815804]
}, {
	"name": "杨昌济故居",
	"addres": "北京市东城区安定门街道豆腐池胡同15号",
	"type": "故居",
	"lnglat": [116.39729852675435, 39.943996695654725]
}, {
	"name": "顶银胡同1号住宅",
	"addres": "北京市东城区建国门街道顶银胡同1号",
	"type": "故居",
	"lnglat": [116.43072706105684, 39.91177889428721]
}, {
	"name": "卞之琳旧居",
	"addres": "北京市东城区朝阳门街道东罗圈11号院2门402号",
	"type": "故居",
	"lnglat": [116.43047303057237, 39.920687831670556]
}, {
	"name": "和瑛旧居",
	"addres": "北京市东城区安定门街道方家胡同25、27号，公益巷2号",
	"type": "故居",
	"lnglat": [116.41170545322935, 39.94419961683174]
}, {
	"name": "陈独秀旧居",
	"addres": "北京市东城区东华门街道箭杆胡同20号",
	"type": "故居",
	"lnglat": [116.40416877122766, 39.917322527533386]
}, {
	"name": "东总布胡同32号建筑",
	"addres": "北京市东城区建国门街道东总布胡同32号",
	"type": "故居",
	"lnglat": [116.43032292365537, 39.91204478902753]
}, {
	"name": "承恩公志钧府",
	"addres": "北京市东城区景山街道大佛寺东街2、4、6号",
	"type": "故居",
	"lnglat": [116.41101515730433, 39.9273614157756]
}, {
	"name": "孑民堂",
	"addres": "北京市东城区景山街道北河沿大街83号",
	"type": "故居",
	"lnglat": [116.40579937390923, 39.92666697711618]
}, {
	"name": "李济深旧居",
	"addres": "北京市东城区建国门街道西总布胡同9号",
	"type": "故居",
	"lnglat": [116.42596646516405, 39.91223059485729]
}, {
	"name": "府学胡同5号建筑",
	"addres": "北京市东城区交道口街道府学胡同5号",
	"type": "故居",
	"lnglat": [116.41473551903404, 39.93602845809511]
}, {
	"name": "东皇城根南街32号宅院",
	"addres": "北京市东城区东华门街道东皇城根南街32号",
	"type": "故居",
	"lnglat": [116.40706082365867, 39.92185031894398]
}, {
	"name": "大学士陕甘总督黄廷桂宅",
	"addres": "北京市东城区安定门街道国子监街45、47号",
	"type": "故居",
	"lnglat": [116.41007783988621, 39.94551015836942]
}, {
	"name": "北总布胡同2号宅院",
	"addres": "北京市东城区建国门街道北总布胡同2号",
	"type": "故居",
	"lnglat": [116.43180144529599, 39.915190189604864]
}, {
	"name": "梅兰芳旧居",
	"addres": "北京市东城区前门街道草厂横胡同33号",
	"type": "故居",
	"lnglat": [116.40765299081087, 39.89571547519995]
}, {
	"name": "邓小平旧居",
	"addres": "北京市东城区景山街道吉安所右巷8号",
	"type": "故居",
	"lnglat": [116.3998703327962, 39.92909437849752]
}, {
	"name": "金北楼旧居",
	"addres": "北京市东城区景山街道钱粮胡同25、27号",
	"type": "故居",
	"lnglat": [116.41284186205714, 39.9279099266141]
}, {
	"name": "启功旧居",
	"addres": "北京市东城区交道口街道黑芝麻胡同14号",
	"type": "故居",
	"lnglat": [116.40099973618742, 39.93836267842734]
}, {
	"name": "李洪春旧居",
	"addres": "北京市东城区前门街道鲜鱼口内草厂三条16号（原5号）",
	"type": "故居",
	"lnglat": [116.40665965221987, 39.89627921011962]
}, {
	"name": "钱三强旧居",
	"addres": "北京市东城区交道口街道地安门东大街84号",
	"type": "故居",
	"lnglat": [116.3983217813795, 39.93327996570924]
}, {
	"name": "粟裕旧居",
	"addres": "北京市东城区交道口街道雨儿胡同33号",
	"type": "故居",
	"lnglat": [116.39952623195566, 39.93567928025803]
}, {
	"name": "沈钧儒旧居",
	"addres": "北京市东城区建国门街道东总布胡同57号",
	"type": "故居",
	"lnglat": [116.42833932861114, 39.91237024879887]
}, {
	"name": "珍妃旧居",
	"addres": "北京市东城区景山街道中老胡同32号",
	"type": "故居",
	"lnglat": [116.40075764730702, 39.92421661122754]
}, {
	"name": "张西曼旧居",
	"addres": "北京市东城区东四街道东四八条49号",
	"type": "故居",
	"lnglat": [116.42317945747763, 39.932479819352814]
}, {
	"name": "李鸿章旧居",
	"addres": "北京市东城区景山街道黄化门街41号",
	"type": "故居",
	"lnglat": [116.39839787096722, 39.930557988661235]
}, {
	"name": "马叙伦旧居",
	"addres": "北京市东城区朝阳门街道禄米仓后巷甲1号",
	"type": "故居",
	"lnglat": [116.43004384706651, 39.91881471595056]
}, {
	"name": "金壁辉（川岛芳子）旧居",
	"addres": "北京市东城区东四街道东四九条胡同34号",
	"type": "故居",
	"lnglat": [116.42407476223148, 39.9303390680387]
}, {
	"name": "侯宝林故居",
	"addres": "北京市东城区东四街道东四头条19号",
	"type": "故居",
	"lnglat": [116.41917703280718, 39.92510670172881]
}, {
	"name": "罗荣桓旧居",
	"addres": "北京市东城区交道口街道雨儿胡同31号",
	"type": "故居",
	"lnglat": [116.3997673284123, 39.9356573441359]
}, {
	"name": "郭春榆旧居",
	"addres": "北京市东城区景山街道景山后街5号",
	"type": "故居",
	"lnglat": [116.39788669296023, 39.92878085489352]
}, {
	"name": "胡适旧居",
	"addres": "北京市东城区东华门街道东厂胡同1号",
	"type": "故居",
	"lnglat": [116.40949260803869, 39.92270999119731]
}, {
	"name": "戴笠旧居",
	"addres": "北京市东城区景山街道东皇城根北街40号",
	"type": "故居",
	"lnglat": [116.40679468986522, 39.92555625092498]
}, {
	"name": "萧乾旧居",
	"addres": "北京市东城区建国门街道东总布胡同60号",
	"type": "故居",
	"lnglat": [116.42779905081511, 39.911507098855054]
}, {
	"name": "聂荣臻旧居",
	"addres": "北京市东城区景山街道吉安所右巷10号",
	"type": "故居",
	"lnglat": [116.40005937525079, 39.9288334292475]
}, {
	"name": "张西曼旧居",
	"addres": "北京市东城区东华门街道翠花胡同45号",
	"type": "故居",
	"lnglat": [116.407410953694, 39.92364241731708]
}, {
	"name": "广渠门内大街207号院",
	"addres": "北京市东城区崇文门外街道原广渠门内大街207号院，尚未实施迁建",
	"type": "故居",
	"lnglat": [116.42741993406416, 39.89463198301047]
}, {
	"name": "胡适旧居",
	"addres": "北京市东城区景山街道钟鼓胡同17号",
	"type": "故居",
	"lnglat": [116.40398670525106, 39.92959847861151]
}, {
	"name": "江苏粮道英檏宅意园",
	"addres": "北京市东城区东四街道东四三条43号",
	"type": "故居",
	"lnglat": [116.42227421252767, 39.92676156944212]
}, {
	"name": "北极阁三条22号住宅",
	"addres": "北京市东城区东华门街道北极阁三条22号",
	"type": "故居",
	"lnglat": [116.42171601076043, 39.910599407086806]
}, {
	"name": "尚书廖寿恒宅",
	"addres": "北京市东城区东华门街道大纱帽胡同9、7号",
	"type": "故居",
	"lnglat": [116.40920952351773, 39.91082091480585]
}, {
	"name": "东堂子胡同4、6号建筑",
	"addres": "北京市东城区建国门街道东堂子胡同4、6号",
	"type": "故居",
	"lnglat": [116.42617149758247, 39.914187650978846]
}, {
	"name": "朱启钤宅",
	"addres": "北京市东城区建国门街道赵堂子胡同3号",
	"type": "故居",
	"lnglat": [116.42906250429736, 39.91431844714764]
}, {
	"name": "崇礼住宅",
	"addres": "北京市东城区东四街道东四六条63、65号",
	"type": "故居",
	"lnglat": [116.41948819833226, 39.93039179221258]
}, {
	"name": "西堂子胡同13号宅院",
	"addres": "北京市东城区东华门街道西堂子胡同13号",
	"type": "故居",
	"lnglat": [116.41558684495162, 39.916426690200296]
}, {
	"name": "周绍良旧居",
	"addres": "北京市东城区东四街道流水东巷26号",
	"type": "故居",
	"lnglat": [116.42342653539065, 39.928563888817024]
}, {
	"name": "溥任故居",
	"addres": "北京市东城区交道口街道蓑衣胡同2号",
	"type": "故居",
	"lnglat": [116.40147986042139, 39.93495980748547]
}, {
	"name": "庄士敦旧居",
	"addres": "北京市东城区安定门街道张旺胡同19号",
	"type": "故居",
	"lnglat": [116.39497973045168, 39.94464709929427]
}, {
	"name": "王金声旧居",
	"addres": "北京市东城区交道口街道福祥胡同11号",
	"type": "故居",
	"lnglat": [116.40155790258024, 39.934307826011604]
}, {
	"name": "民国总统徐世昌宅",
	"addres": "北京市东城区东四街道铁营胡同3号，东四六条44号",
	"type": "故居",
	"lnglat": [116.42171799665832, 39.93008741396308]
}, {
	"name": "民国总统徐世昌宅",
	"addres": "北京市东城区东四街道铁营胡同3号，东四六条44号",
	"type": "故居",
	"lnglat": [116.42171799665832, 39.93008741396308]
}, {
	"name": "演乐胡同45号四合院",
	"addres": "北京市东城区朝阳门街道演乐胡同45号",
	"type": "故居",
	"lnglat": [116.42247621179166, 39.92103962988132]
}, {
	"name": "灯草胡同37号四合院",
	"addres": "北京市东城区朝阳门街道灯草胡同37号",
	"type": "故居",
	"lnglat": [116.41854984930686, 39.92127352395191]
}, {
	"name": "于谦祠",
	"addres": "北京市东城区建国门街道西裱褙胡同23号",
	"type": "故居",
	"lnglat": [116.42764706165697, 39.91414006053431]
}, {
	"name": "干面胡同33号四合院",
	"addres": "北京市东城区朝阳门街道干面胡同33号",
	"type": "故居",
	"lnglat": [116.42499408692674, 39.91714132179164]
}, {
	"name": "干面胡同49号四合院",
	"addres": "北京市东城区朝阳门街道干面胡同49号",
	"type": "故居",
	"lnglat": [116.42254225285197, 39.9171066435325]
}, {
	"name": "菊儿胡同旧宅院",
	"addres": "北京市东城区交道口街道菊儿胡同3号、寿比胡同6号",
	"type": "故居",
	"lnglat": [116.40758594989416, 39.93928847338344]
}, {
	"name": "贝勒载涛府",
	"addres": "北京市东城区景山街道山老胡同5、7、9号",
	"type": "故居",
	"lnglat": [116.41142628679995, 39.93220253008671]
}, {
	"name": "协作胡同5号宅院",
	"addres": "北京市东城区景山街道协作胡同5号",
	"type": "故居",
	"lnglat": [116.41433239447188, 39.933002348226246]
}, {
	"name": "智化寺",
	"addres": "北京市东城区朝阳门街道禄米仓胡同5号",
	"type": "故居",
	"lnglat": [116.4323406660404, 39.91733932890516]
}, {
	"name": "南阳胡同1号宅院",
	"addres": "北京市东城区景山街道南阳胡同1、3、5号",
	"type": "故居",
	"lnglat": [116.41356906540345, 39.92979513248088]
}, {
	"name": "东总布胡同53号宅院",
	"addres": "北京市东城区建国门街道东总布胡同53号",
	"type": "故居",
	"lnglat": [116.42919757245771, 39.912235484711765]
}, {
	"name": "东城区圆恩寺后街7号四合院",
	"addres": "北京市东城区交道口街道后圆恩寺胡同7号",
	"type": "故居",
	"lnglat": [116.40539725375923, 39.93856186301709]
}, {
	"name": "北锣鼓巷93号四合院",
	"addres": "北京市东城区安定门街道北锣鼓巷93号",
	"type": "故居",
	"lnglat": [116.4025992880516, 39.942838109372495]
}, {
	"name": "东四八条111号四合院",
	"addres": "北京市东城区东四街道东四八条111号",
	"type": "故居",
	"lnglat": [116.41906504938372, 39.93248867553828]
}, {
	"name": "东四六条55号四合院",
	"addres": "北京市东城区东四街道东四六条55号",
	"type": "故居",
	"lnglat": [116.42117575117447, 39.93027826855345]
}, {
	"name": "东四八条71号四合院",
	"addres": "北京市东城区东四街道东四八条71号",
	"type": "故居",
	"lnglat": [116.42108570077468, 39.932468237592225]
}, {
	"name": "府学胡同36号四合院",
	"addres": "北京市东城区交道口街道府学胡同36号、交道口南大街136号",
	"type": "故居",
	"lnglat": [116.41042793483167, 39.934947253878995]
}, {
	"name": "南吉祥胡同17、甲17号建筑",
	"addres": "北京市东城区景山街道南吉祥胡同17、甲17号",
	"type": "故居",
	"lnglat": [116.4129888774771, 39.930736965839436]
}, {
	"name": "东城区西堂子胡同25～37号四合院",
	"addres": "北京市东城区东华门街道西堂子胡同25、27、29、33、35、37号",
	"type": "故居",
	"lnglat": [116.41368810902141, 39.91635415809304]
}, {
	"name": "什锦花园胡同14～18号四合院",
	"addres": "北京市东城区景山街道什锦花园胡同14、16、18号",
	"type": "故居",
	"lnglat": [116.41561080069394, 39.92948370562148]
}, {
	"name": "东四二条11号四合院",
	"addres": "北京市东城区东四街道东四二条11号",
	"type": "故居",
	"lnglat": [116.42015337280922, 39.92601397576278]
}, {
	"name": "朝阳门南小街439号建筑",
	"addres": "北京市东城区建国门街道朝阳门南小街439号",
	"type": "故居",
	"lnglat": [116.42680077188844, 39.910689821254]
}, {
	"name": "史家胡同53号四合院",
	"addres": "北京市东城区朝阳门街道史家胡同53号",
	"type": "故居",
	"lnglat": [116.4194131580504, 39.91870376355511]
}, {
	"name": "东城区东棉花胡同15号院及拱门砖雕",
	"addres": "北京市东城区交道口街道东棉花胡同15号",
	"type": "故居",
	"lnglat": [116.40709080733623, 39.9358313323134]
}, {
	"name": "大学士宝鋆宅",
	"addres": "北京市东城区景山街道大佛寺东街9－15号",
	"type": "故居",
	"lnglat": [116.41063410111173, 39.92947831642926]
}, {
	"name": "车郡王府建筑遗存",
	"addres": "北京市东城区东四街道东四三条35号",
	"type": "故居",
	"lnglat": [116.42260426071078, 39.92698566730292]
}, {
	"name": "麻线胡同3号宅院",
	"addres": "北京市东城区东四街道东四五条55号",
	"type": "故居",
	"lnglat": [116.42256525652233, 39.92826165422075]
}, {
	"name": "东四四条3号四合院",
	"addres": "北京市东城区东四街道东四四条3号",
	"type": "故居",
	"lnglat": [116.42564934386898, 39.927505508658896]
}, {
	"name": "灯草胡同40号宅院",
	"addres": "北京市东城区朝阳门街道灯草胡同40号",
	"type": "故居",
	"lnglat": [116.42070365206094, 39.921184129180475]
}, {
	"name": "北总布胡同12、24号四合院",
	"addres": "北京市东城区建国门街道北总布胡同12、24号",
	"type": "故居",
	"lnglat": [116.43155343129649, 39.91397912208545]
}, {
	"name": "王佐胡同1号宅院",
	"addres": "北京市东城区安定门街道王佐胡同1号",
	"type": "故居",
	"lnglat": [116.39853293950661, 39.94470702573348]
}, {
	"name": "育芳胡同5号宅院",
	"addres": "北京市东城区东四街道育芳胡同5号",
	"type": "故居",
	"lnglat": [116.42445093566378, 39.929027173668295]
}, {
	"name": "史家胡同5号四合院",
	"addres": "北京市东城区朝阳门街道史家胡同5号",
	"type": "故居",
	"lnglat": [116.4256303145635, 39.91850149832023]
}, {
	"name": "史家胡同55号四合院",
	"addres": "北京市东城区朝阳门街道史家胡同55号，内务部街甲44号",
	"type": "故居",
	"lnglat": [116.4191100301264, 39.9184686855453]
}, {
	"name": "东城区前永康胡同7号四合院",
	"addres": "北京市东城区北新桥街道前永康胡同7号",
	"type": "故居",
	"lnglat": [116.42107570960947, 39.94422723507014]
}, {
	"name": "婉容旧居",
	"addres": "北京市东城区交道口街道帽儿胡同35、37号",
	"type": "故居",
	"lnglat": [116.39950822819793, 39.93649827631167]
}, {
	"name": "黄米胡同四合院",
	"addres": "北京市东城区景山街道黄米胡同5、7、9号，亮果厂6号",
	"type": "故居",
	"lnglat": [116.4083552802423, 39.927198682462524]
}, {
	"name": "东城区美术馆东街25号四合院",
	"addres": "北京市东城区景山街道美术馆东街25号",
	"type": "故居",
	"lnglat": [116.41011283147915, 39.92511516372173]
}, {
	"name": "黎元洪旧居",
	"addres": "北京市东城区东华门街道王府井大街27号",
	"type": "故居",
	"lnglat": [116.4105450394959, 39.922602290721834]
}, {
	"name": "翠花胡同33号四合院",
	"addres": "北京市东城区东华门街道翠花胡同33号",
	"type": "故居",
	"lnglat": [116.4080821493884, 39.92372360217047]
}, {
	"name": "赵家楼旧址",
	"addres": "北京市东城区建国门街道前赵家楼胡同1号",
	"type": "故居",
	"lnglat": [116.43110021656162, 39.91375400011993]
}, {
	"name": "什锦花园胡同19号四合院",
	"addres": "北京市东城区景山街道什锦花园胡同19号",
	"type": "故居",
	"lnglat": [116.41544475374643, 39.93008866030332]
}, {
	"name": "智德北巷3号宅院",
	"addres": "北京市东城区东华门街道智德北巷3号",
	"type": "故居",
	"lnglat": [116.40513817103891, 39.91855179382244]
}, {
	"name": "梁实秋旧居",
	"addres": "北京市东城区朝阳门街道内务部街39号",
	"type": "故居",
	"lnglat": [116.4199443565415, 39.91923191822639]
}, {
	"name": "段祺瑞宅",
	"addres": "北京市东城区东四街道仓南胡同5号",
	"type": "故居",
	"lnglat": [116.43015094447935, 39.92849374576197]
}, {
	"name": "北竹竿胡同38号四合院",
	"addres": "北京市东城区朝阳门街道北竹竿胡同38号、38号旁门",
	"type": "故居",
	"lnglat": [116.4303630220407, 39.923414801977245]
}, {
	"name": "史家胡同51号四合院",
	"addres": "北京市东城区朝阳门街道史家胡同51号",
	"type": "故居",
	"lnglat": [116.4198162600975, 39.91854788257778]
}, {
	"name": "史家胡同51号四合院",
	"addres": "北京市东城区朝阳门街道史家胡同51号",
	"type": "故居",
	"lnglat": [116.4198162600975, 39.91854788257778]
}, {
	"name": "东四四条5号四合院",
	"addres": "北京市东城区东四街道东四四条5号",
	"type": "故居",
	"lnglat": [116.42518721651045, 39.927511383809986]
}, {
	"name": "干面胡同61号四合院",
	"addres": "北京市东城区朝阳门街道干面胡同61号",
	"type": "故居",
	"lnglat": [116.42041954796449, 39.91715204878565]
}, {
	"name": "雨儿胡同13号四合院",
	"addres": "北京市东城区交道口街道雨儿胡同13号",
	"type": "故居",
	"lnglat": [116.40166891253949, 39.935689856578094]
}, {
	"name": "东城区沙井胡同15号四合院",
	"addres": "北京市东城区交道口街道沙井胡同15号",
	"type": "故居",
	"lnglat": [116.40163197604497, 39.93784084093328]
}, {
	"name": "东四十三条97号四合院",
	"addres": "北京市东城区北新桥街道东四十三条97号",
	"type": "故居",
	"lnglat": [116.4184267767501, 39.93654749225225]
}, {
	"name": "锡拉胡同19号四合院",
	"addres": "北京市东城区东华门街道锡拉胡同19号",
	"type": "故居",
	"lnglat": [116.40808514734663, 39.916650605951055]
}, {
	"name": "西打磨厂街45号四合院",
	"addres": "北京市东城区前门街道西打磨厂街45号",
	"type": "故居",
	"lnglat": [116.40940464952958, 39.899425966380946]
}, {
	"name": "干面胡同13号四合院",
	"addres": "北京市东城区朝阳门街道干面胡同13号",
	"type": "故居",
	"lnglat": [116.42600045314208, 39.91712160760584]
}, {
	"name": "东城区黑芝麻胡同13号四合院",
	"addres": "北京市东城区交道口街道黑芝麻胡同13号",
	"type": "故居",
	"lnglat": [116.4012818592081, 39.93858174986907]
}, {
	"name": "肃亲王新府遗存",
	"addres": "北京市东城区北新桥街道东四十四条91、93号",
	"type": "故居",
	"lnglat": [116.4185558847231, 39.93724653461722]
}, {
	"name": "文天祥祠",
	"addres": "北京市东城区交道口街道府学胡同63号",
	"type": "故居",
	"lnglat": [116.41020789083322, 39.93588519665605]
}, {
	"name": "奋章胡同四合院",
	"addres": "北京市东城区前门街道奋章胡同53号，55号",
	"type": "故居",
	"lnglat": [116.41057705271955, 39.89530528645634]
}, {
	"name": "崇文区新开路二十号四合院",
	"addres": "北京市东城区前门街道新开路（新革路）20号",
	"type": "故居",
	"lnglat": [116.41001386432826, 39.897811138617136]
}, {
	"name": "大学士福康安宅",
	"addres": "北京市东城区东四街道东四二条13－21号",
	"type": "故居",
	"lnglat": [116.41970830414263, 39.926142852044926]
}, {
	"name": "僧王府",
	"addres": "北京市东城区交道口街道炒豆胡同73、75、77号，板厂胡同30、32、34号",
	"type": "故居",
	"lnglat": [116.40452990165893, 39.93433962796739]
}, {
	"name": "镇国公溥芸宅",
	"addres": "北京市东城区景山街道大佛寺东街17、19、21、甲21、23、甲23号",
	"type": "故居",
	"lnglat": [116.41062403853296, 39.92897730695201]
}, {
	"name": "源顺镖局",
	"addres": "北京市东城区天坛街道西半壁街13号",
	"type": "故居",
	"lnglat": [116.39964227641796, 39.8909213084538]
}, {
	"name": "西打磨厂街45号四合院",
	"addres": "北京市东城区前门街道西打磨厂街45号",
	"type": "故居",
	"lnglat": [116.40940464952958, 39.899425966380946]
}, {
	"name": "东城区礼士胡同129号四合院",
	"addres": "北京市东城区朝阳门街道礼士胡同129号",
	"type": "故居",
	"lnglat": [116.42041647156005, 39.92202005492484]
}, {
	"name": "什锦花园胡同43号四合院",
	"addres": "北京市东城区景山街道什锦花园胡同43号",
	"type": "故居",
	"lnglat": [116.41263679874125, 39.930063870851214]
}, {
	"name": "冯耿光旧居",
	"addres": "北京市东城区东四街道东四九条67号",
	"type": "故居",
	"lnglat": [116.4184807999427, 39.93307850888894]
}, {
	"name": "东四四条85号宅院",
	"addres": "北京市东城区东四街道东四四条胡同85号",
	"type": "故居",
	"lnglat": [116.41809668691326, 39.92721540184781]
}, {
	"name": "东交民巷使馆建筑群比利时使馆旧址",
	"addres": "北京市东城区东华门街道崇文门西大街9号",
	"type": "故居",
	"lnglat": [116.412472733417, 39.90174482141551]
}, {
	"name": "东城区内务部街11号四合院",
	"addres": "北京市东城区朝阳门街道内务部街11号",
	"type": "故居",
	"lnglat": [116.42558127484712, 39.91935549190524]
}, {
	"name": "绮园花园",
	"addres": "北京市东城区交道口街道秦老胡同35号",
	"type": "故居",
	"lnglat": [116.40588940725321, 39.93705600074233]
}, {
	"name": "东四七条79号四合院",
	"addres": "北京市东城区东四街道东四七条79号",
	"type": "故居",
	"lnglat": [116.41928708725435, 39.9315927360846]
}, {
	"name": "孙中山行馆",
	"addres": "北京市东城区交道口街道张自忠路23号",
	"type": "故居",
	"lnglat": [116.4110211555268, 39.93362542040275]
}, {
	"name": "金台书院",
	"addres": "北京市东城区天坛街道东晓市大街203号",
	"type": "故居",
	"lnglat": [116.41095216721568, 39.89126939588715]
}, {
	"name": "东兴隆街四合院",
	"addres": "北京市东城区崇文门外街道东兴隆街52号",
	"type": "故居",
	"lnglat": [116.41639909085907, 39.89633991447463]
}, {
	"name": "湖南长沙会馆",
	"addres": "北京市西城区前门街道草厂十条胡同19号",
	"type": "会馆",
	"lnglat": [116.40718686404529, 39.893921354088725]
}, {
	"name": "晋翼会馆",
	"addres": "北京市东城区前门街道小江胡同30号",
	"type": "会馆",
	"lnglat": [116.39966529357007, 39.894123317101226]
}, {
	"name": "粤东会馆旧址",
	"addres": "北京市东城区前门街道西打磨厂街90号",
	"type": "会馆",
	"lnglat": [116.40699378689958, 39.898827294827164]
}, {
	"name": "湖北孝感会馆",
	"addres": "北京市市辖区西城区前门街道草厂七条胡同19号",
	"type": "会馆",
	"lnglat": [116.40718686404529, 39.893921354088725]
}, {
	"name": "湖北会馆",
	"addres": "北京市东城区前门街道原长巷头条13号",
	"type": "会馆",
	"lnglat": [116.40718686404529, 39.893921354088725]
}, {
	"name": "福建汀州会馆南馆",
	"addres": "北京市东城区前门街道长巷头条62号、长巷二条43号",
	"type": "会馆",
	"lnglat": [116.4033905414152, 39.89551431779883]
}, {
	"name": "颜料会馆",
	"addres": "北京市东城区前门街道青云胡同22号",
	"type": "会馆",
	"lnglat": [116.4046059787286, 39.89563864726687]
}, {
	"name": "归德会馆",
	"addres": "北京市东城区前门街道草厂头条6号左近",
	"type": "会馆",
	"lnglat": [116.40549722953558, 39.89673288264282]
}, {
	"name": "襄阳会馆",
	"addres": "北京市东城区前门街道銮庆胡同11号",
	"type": "会馆",
	"lnglat": [116.40450192459215, 39.89848161771286]
}, {
	"name": "黄梅会馆",
	"addres": "北京市东城区前门街道草厂五条6号",
	"type": "会馆",
	"lnglat": [116.40758903569557, 39.896845464419926]
}, {
	"name": "广西会馆",
	"addres": "北京市东城区前门街道銮庆胡同9号",
	"type": "会馆",
	"lnglat": [116.40470595184203, 39.89845267386601]
}, {
	"name": "广东韶州会馆",
	"addres": "北京市东城区前门街道草厂二条胡同2号",
	"type": "会馆",
	"lnglat": [116.40718686404529, 39.893921354088725]
}, {
	"name": "福建汀州会馆北馆",
	"addres": "北京市东城区前门街道长巷二条46、48号",
	"type": "会馆",
	"lnglat": [116.40316644804359, 39.89595725467595]
}, {
	"name": "安徽太平县会馆",
	"addres": "北京市东城区前门街道草厂三条19号",
	"type": "会馆",
	"lnglat": [116.40630749912617, 39.89599211115249]
}, {
	"name": "湖北麻城会馆",
	"addres": "北京市东城区前门街道草厂头条胡同24号",
	"type": "会馆",
	"lnglat": [116.40718686404529, 39.893921354088725]
}, {
	"name": "山西会馆",
	"addres": "北京市东城区崇外街道北五老胡同5号",
	"type": "会馆",
	"lnglat": [116.41532272821668, 39.8949636189493]
}, {
	"name": "台湾会馆",
	"addres": "北京市东城区前门街道大江胡同114号",
	"type": "会馆",
	"lnglat": [116.40059961647607, 39.894596566041834]
}, {
	"name": "赵城会馆",
	"addres": "北京市东城区天坛街道刷子市胡同27号",
	"type": "会馆",
	"lnglat": [116.4005875636553, 39.88950955382836]
}, {
	"name": "湖南辰沅会馆",
	"addres": "北京市西城区前门街道草厂八条胡同27号",
	"type": "会馆",
	"lnglat": [116.40718686404529, 39.893921354088725]
}, {
	"name": "估衣会馆",
	"addres": "北京市东城区天坛街道大市胡同11号",
	"type": "会馆",
	"lnglat": [116.40452994134655, 39.891509620358946]
}, {
	"name": "旌德会馆",
	"addres": "北京市东城区前门街道大江胡同19号",
	"type": "会馆",
	"lnglat": [116.40376763134036, 39.89326041866564]
}, {
	"name": "呼伦贝尔固山会馆",
	"addres": "北京市东城区交道口街道雨儿胡同29号",
	"type": "会馆",
	"lnglat": [116.39993139396134, 39.935649386623886]
}, {
	"name": "滦密二十二县旅平同乡会馆",
	"addres": "北京市东城区交道口街道秦老胡同1号",
	"type": "会馆",
	"lnglat": [116.40796706935114, 39.93716257540839]
}, {
	"name": "安徽泾县会馆",
	"addres": "北京市东城区前门街道长巷头条60号",
	"type": "会馆",
	"lnglat": [116.40294936208443, 39.89568019768239]
}, {
	"name": "吉州会馆",
	"addres": "北京市东城区前门街道大江胡同85号",
	"type": "会馆",
	"lnglat": [116.40130483010314, 39.895937755964944]
}, {
	"name": "上湖南会馆",
	"addres": "北京市东城区前门街道奋章胡同11号",
	"type": "会馆",
	"lnglat": [116.41029097807693, 39.89669021070947]
}, {
	"name": "石棣会馆",
	"addres": "北京市东城区前门街道大席胡同20号",
	"type": "会馆",
	"lnglat": [116.40376771338715, 39.89390441898713]
}, {
	"name": "临汾会馆",
	"addres": "北京市东城区前门街道西打磨厂街105号",
	"type": "会馆",
	"lnglat": [116.40657058524995, 39.89891918223611]
}, {
	"name": "临汾会馆",
	"addres": "北京市东城区前门街道西打磨厂街105号",
	"type": "会馆",
	"lnglat": [116.40657058524995, 39.89891918223611]
}, {
	"name": "广东惠州会馆",
	"addres": "北京市东城区前门街道草厂七条胡同草厂七条12号",
	"type": "会馆",
	"lnglat": [116.40820318523869, 39.895811631046456]
}, {
	"name": "芜湖会馆",
	"addres": "北京市东城区前门街道长巷五条7号",
	"type": "会馆",
	"lnglat": [116.40396472545504, 39.89606347074343]
}, {
	"name": "云间会馆",
	"addres": "北京市东城区前门街道大江胡同112号",
	"type": "会馆",
	"lnglat": [116.39999943536637, 39.89496740476221]
}, {
	"name": "江西德化会馆",
	"addres": "北京市东城区前门街道大席胡同25号",
	"type": "会馆",
	"lnglat": [116.40346256442935, 39.894009334935795]
}, {
	"name": "丰城会馆",
	"addres": "北京市东城区前门街道长巷头条53号",
	"type": "会馆",
	"lnglat": [116.40315346407313, 39.89532025213924]
}, {
	"name": "庐陵会馆",
	"addres": "北京市东城区前门街道大江胡同29号",
	"type": "会馆",
	"lnglat": [116.40314943525559, 39.893535248911796]
}, {
	"name": "江西南安会馆",
	"addres": "北京市东城区前门街道草厂七条胡同6号",
	"type": "会馆",
	"lnglat": [116.40718686404529, 39.893921354088725]
}, {
	"name": "江西新建会馆",
	"addres": "北京市东城区前门街道长巷头条35号",
	"type": "会馆",
	"lnglat": [116.40198903962131, 39.895926937093876]
}, {
	"name": "湖北黄冈会馆",
	"addres": "北京市东城区前门街道草厂二条胡同5号",
	"type": "会馆",
	"lnglat": [116.40718686404529, 39.893921354088725]
}, {
	"name": "僧格林沁祠堂",
	"addres": "北京市东城区交道口街道地安门东大街47号",
	"type": "祠堂",
	"lnglat": [116.40730793044106, 39.933645389786214]
}, {
	"name": "吴越钱氏宗祠",
	"addres": "北京市东城区前门街道薛家湾胡同39号",
	"type": "祠堂",
	"lnglat": [116.40903152314134, 39.8942088638632]
}, {
	"name": "双忠祠大门",
	"addres": "北京市东城区建国门街道外交部街33号",
	"type": "祠堂",
	"lnglat": [116.42134687454, 39.91348731195529]
}, {
	"name": "韩文公祠建筑遗存",
	"addres": "北京市东城区安定门街道国子监街国学胡同31号",
	"type": "祠堂",
	"lnglat": [116.41410724701264, 39.94761828766591]
}, {
	"name": "柳祖祠",
	"addres": "北京市东城区前门街道罗家井胡同28号",
	"type": "祠堂",
	"lnglat": [116.40718686404529, 39.893921354088725]
}, {
	"name": "左翼忠孝祠",
	"addres": "北京市东城区东华门街道西堂子胡同9号",
	"type": "祠堂",
	"lnglat": [116.41413724705612, 39.916377287788194]
}, {
	"name": "于谦祠",
	"addres": "北京市东城区建国门街道西裱褙胡同23号",
	"type": "祠堂",
	"lnglat": [116.42764706165697, 39.91414006053431]
}, {
	"name": "袁崇焕墓和祠",
	"addres": "北京市东城区东花市街道东花市斜街52、50号",
	"type": "祠堂",
	"lnglat": [116.43811956759079, 39.89518985151333]
}, {
	"name": "文天祥祠",
	"addres": "北京市东城区交道口街道府学胡同63号",
	"type": "祠堂",
	"lnglat": [116.41020789083322, 39.93588519665605]
}, {
	"name": "社稷街门",
	"addres": "地址：北京市东城区东华门街道中山公园内",
	"type": "未注明",
	"lnglat": [116.39434958445595, 39.91071593152317]
}, {
	"name": "昭亨门",
	"addres": "地址：北京市东城区天坛街道天坛公园南门",
	"type": "未注明",
	"lnglat": [116.41331001762495, 39.87460903962886]
}, {
	"name": "成贞门",
	"addres": "地址：北京市东城区天坛街道天坛公园内",
	"type": "未注明",
	"lnglat": [116.4108880923263, 39.88195037269261]
}, {
	"name": "太庙街门",
	"addres": "地址：北京市东城区东华门街道劳动人民文化宫内",
	"type": "未注明",
	"lnglat": [116.40000134818858, 39.91076141042134]
}, {
	"name": "宰牲亭",
	"addres": "地址：北京市东城区东华门街道中山公园内",
	"type": "未注明",
	"lnglat": [116.39434958445595, 39.91071593152317]
}, {
	"name": "宰牲亭、牺牲所",
	"addres": "地址：北京市东城区东华门街道劳动人民文化宫内",
	"type": "未注明",
	"lnglat": [116.40000134818858, 39.91076141042134]
}, {
	"name": "太庙",
	"addres": "地址：北京市东城区东华门街道劳动人民文化宫内",
	"type": "未注明",
	"lnglat": [116.40000134818858, 39.91076141042134]
}, {
	"name": "宰牲亭",
	"addres": "地址：北京市东城区安定门街道北京孔庙内",
	"type": "未注明",
	"lnglat": [116.41455543060933, 39.94650841366991]
}, {
	"name": "祧庙",
	"addres": "地址：北京市东城区东华门街道劳动人民文化宫内",
	"type": "未注明",
	"lnglat": [116.40000134818858, 39.91076141042134]
}, {
	"name": "奉祀署",
	"addres": "地址：北京市东城区东华门街道劳动人民文化宫内",
	"type": "未注明",
	"lnglat": [116.40000134818858, 39.91076141042134]
}, {
	"name": "琉璃门",
	"addres": "地址：北京市东城区东华门街道劳动人民文化宫内",
	"type": "未注明",
	"lnglat": [116.40000134818858, 39.91076141042134]
}, {
	"name": "丹陛桥",
	"addres": "地址：北京市东城区天坛街道天坛公园内",
	"type": "未注明",
	"lnglat": [116.4108880923263, 39.88195037269261]
}, {
	"name": "皇穹宇",
	"addres": "地址：北京市东城区天坛街道天坛公园内",
	"type": "未注明",
	"lnglat": [116.4108880923263, 39.88195037269261]
}, {
	"name": "七星石",
	"addres": "地址：北京市东城区天坛街道天坛公园内",
	"type": "未注明",
	"lnglat": [116.4108880923263, 39.88195037269261]
}, {
	"name": "大成门",
	"addres": "地址：北京市东城区安定门街道北京孔庙内",
	"type": "未注明",
	"lnglat": [116.41455543060933, 39.94650841366991]
}, {
	"name": "致斋",
	"addres": "地址：北京市东城区安定门街道北京孔庙内",
	"type": "未注明",
	"lnglat": [116.41455543060933, 39.94650841366991]
}, {
	"name": "南神厨",
	"addres": "地址：北京市东城区天坛街道天坛公园内",
	"type": "未注明",
	"lnglat": [116.4108880923263, 39.88195037269261]
}, {
	"name": "方泽坛",
	"addres": "地址：北京市东城区和平里街道地坛公园内",
	"type": "未注明",
	"lnglat": [116.41487051801717, 39.95368149513071]
}, {
	"name": "音乐堂",
	"addres": "地址：北京市东城区东华门街道中山公园内",
	"type": "未注明",
	"lnglat": [116.39434958445595, 39.91071593152317]
}, {
	"name": "社稷坛",
	"addres": "地址：北京市东城区东华门街道中山公园内",
	"type": "未注明",
	"lnglat": [116.39434958445595, 39.91071593152317]
}, {
	"name": "孔庙",
	"addres": "地址：北京市东城区安定门街道国子监街13号",
	"type": "未注明",
	"lnglat": [116.41455443109301, 39.94650941401047]
}, {
	"name": "地坛",
	"addres": "地址：北京市东城区和平里街道安定门外大街东侧",
	"type": "未注明",
	"lnglat": [116.40775902440885, 39.95086152096792]
}, {
	"name": "皇乾殿",
	"addres": "地址：北京市东城区天坛街道天坛公园内",
	"type": "未注明",
	"lnglat": [116.4108880923263, 39.88195037269261]
}, {
	"name": "祈谷坛",
	"addres": "地址：北京市东城区天坛街道天坛公园内",
	"type": "未注明",
	"lnglat": [116.4108880923263, 39.88195037269261]
}, {
	"name": "回音壁",
	"addres": "地址：北京市东城区天坛街道天坛公园内",
	"type": "未注明",
	"lnglat": [116.4108880923263, 39.88195037269261]
}, {
	"name": "社稷坛左门",
	"addres": "地址：北京市东城区东华门街道中山公园内",
	"type": "未注明",
	"lnglat": [116.39434958445595, 39.91071593152317]
}, {
	"name": "东北门",
	"addres": "地址：北京市东城区东华门街道中山公园内",
	"type": "未注明",
	"lnglat": [116.39434958445595, 39.91071593152317]
}, {
	"name": "南门",
	"addres": "地址：北京市东城区东华门街道中山公园内",
	"type": "未注明",
	"lnglat": [116.39434958445595, 39.91071593152317]
}, {
	"name": "戟门",
	"addres": "地址：北京市东城区东华门街道中山公园内",
	"type": "未注明",
	"lnglat": [116.39434958445595, 39.91071593152317]
}, {
	"name": "享殿",
	"addres": "地址：北京市东城区东华门街道中山公园内",
	"type": "未注明",
	"lnglat": [116.39434958445595, 39.91071593152317]
}, {
	"name": "神厨",
	"addres": "地址：北京市东城区和平里街道地坛公园内",
	"type": "未注明",
	"lnglat": [116.41487051801717, 39.95368149513071]
}, {
	"name": "斋宫",
	"addres": "地址：北京市东城区和平里街道地坛公园内",
	"type": "未注明",
	"lnglat": [116.41487051801717, 39.95368149513071]
}, {
	"name": "皇袛室",
	"addres": "地址：北京市东城区和平里街道地坛公园内",
	"type": "未注明",
	"lnglat": [116.41487051801717, 39.95368149513071]
}, {
	"name": "神库",
	"addres": "地址：北京市东城区和平里街道地坛公园内",
	"type": "未注明",
	"lnglat": [116.41487051801717, 39.95368149513071]
}, {
	"name": "祭器库",
	"addres": "地址：北京市东城区和平里街道地坛公园内",
	"type": "未注明",
	"lnglat": [116.41487051801717, 39.95368149513071]
}, {
	"name": "乐器库",
	"addres": "地址：北京市东城区和平里街道地坛公园内",
	"type": "未注明",
	"lnglat": [116.41487051801717, 39.95368149513071]
}, {
	"name": "宰牲亭",
	"addres": "地址：北京市东城区和平里街道地坛公园内",
	"type": "未注明",
	"lnglat": [116.41487051801717, 39.95368149513071]
}, {
	"name": "神马殿",
	"addres": "地址：北京市东城区和平里街道地坛公园内",
	"type": "未注明",
	"lnglat": [116.41487051801717, 39.95368149513071]
}, {
	"name": "地坛钟楼",
	"addres": "地址：北京市东城区和平里街道地坛公园内",
	"type": "未注明",
	"lnglat": [116.41487051801717, 39.95368149513071]
}, {
	"name": "神库",
	"addres": "地址：北京市东城区安定门街道北京孔庙内",
	"type": "未注明",
	"lnglat": [116.41455543060933, 39.94650841366991]
}, {
	"name": "神厨",
	"addres": "地址：北京市东城区安定门街道北京孔庙内",
	"type": "未注明",
	"lnglat": [116.41455543060933, 39.94650841366991]
}, {
	"name": "神乐署",
	"addres": "地址：北京市东城区天坛街道天坛公园西天门以南",
	"type": "未注明",
	"lnglat": [116.4108880923263, 39.88195037269261]
}, {
	"name": "北神厨",
	"addres": "地址：北京市东城区天坛街道天坛公园内",
	"type": "未注明",
	"lnglat": [116.4108880923263, 39.88195037269261]
}, {
	"name": "北宰牲亭",
	"addres": "地址：北京市东城区天坛街道天坛公园内",
	"type": "未注明",
	"lnglat": [116.4108880923263, 39.88195037269261]
}, {
	"name": "具服台",
	"addres": "地址：北京市东城区天坛街道天坛公园内",
	"type": "未注明",
	"lnglat": [116.4108880923263, 39.88195037269261]
}, {
	"name": "祈年殿",
	"addres": "地址：北京市东城区天坛街道天坛公园内",
	"type": "未注明",
	"lnglat": [116.4108880923263, 39.88195037269261]
}, {
	"name": "北神库",
	"addres": "地址：北京市东城区天坛街道天坛公园内",
	"type": "未注明",
	"lnglat": [116.4108880923263, 39.88195037269261]
}, {
	"name": "七十二长廊",
	"addres": "地址：北京市东城区天坛街道天坛公园内",
	"type": "未注明",
	"lnglat": [116.4108880923263, 39.88195037269261]
}, {
	"name": "南神库",
	"addres": "地址：北京市东城区天坛街道天坛公园内",
	"type": "未注明",
	"lnglat": [116.4108880923263, 39.88195037269261]
}, {
	"name": "斋宫",
	"addres": "地址：北京市东城区天坛街道天坛公园内",
	"type": "未注明",
	"lnglat": [116.4108880923263, 39.88195037269261]
}, {
	"name": "南宰牲亭",
	"addres": "地址：北京市东城区天坛街道天坛公园内",
	"type": "未注明",
	"lnglat": [116.4108880923263, 39.88195037269261]
}, {
	"name": "圜丘坛",
	"addres": "地址：北京市东城区天坛街道天坛公园内",
	"type": "未注明",
	"lnglat": [116.4108880923263, 39.88195037269261]
}, {
	"name": "泰元门",
	"addres": "地址：北京市东城区天坛街道天坛公园内",
	"type": "未注明",
	"lnglat": [116.4108880923263, 39.88195037269261]
}, {
	"name": "双环万寿亭",
	"addres": "地址：北京市东城区天坛街道天坛公园内",
	"type": "未注明",
	"lnglat": [116.4108880923263, 39.88195037269261]
}, {
	"name": "戟门",
	"addres": "地址：北京市东城区东华门街道劳动人民文化宫内",
	"type": "未注明",
	"lnglat": [116.40000134818858, 39.91076141042134]
}, {
	"name": "享殿",
	"addres": "地址：北京市东城区东华门街道劳动人民文化宫内",
	"type": "未注明",
	"lnglat": [116.40000134818858, 39.91076141042134]
}, {
	"name": "戟门桥",
	"addres": "地址：北京市东城区东华门街道劳动人民文化宫内",
	"type": "未注明",
	"lnglat": [116.40000134818858, 39.91076141042134]
}, {
	"name": "神厨",
	"addres": "地址：北京市东城区东华门街道劳动人民文化宫内",
	"type": "未注明",
	"lnglat": [116.40000134818858, 39.91076141042134]
}, {
	"name": "神厨",
	"addres": "地址：北京市东城区东华门街道中山公园内",
	"type": "未注明",
	"lnglat": [116.39434958445595, 39.91071593152317]
}, {
	"name": "神库",
	"addres": "地址：北京市东城区东华门街道中山公园内",
	"type": "未注明",
	"lnglat": [116.39434958445595, 39.91071593152317]
}, {
	"name": "正门",
	"addres": "地址：北京市东城区东华门街道中山公园内",
	"type": "未注明",
	"lnglat": [116.39434958445595, 39.91071593152317]
}, {
	"name": "神库",
	"addres": "地址：北京市东城区东华门街道劳动人民文化宫内",
	"type": "未注明",
	"lnglat": [116.40000134818858, 39.91076141042134]
}, {
	"name": "祭坛",
	"addres": "地址：北京市东城区东华门街道中山公园内",
	"type": "未注明",
	"lnglat": [116.39434958445595, 39.91071593152317]
}, {
	"name": "寝殿",
	"addres": "地址：北京市东城区东华门街道劳动人民文化宫内",
	"type": "未注明",
	"lnglat": [116.40000134818858, 39.91076141042134]
}, {
	"name": "大成殿",
	"addres": "地址：北京市东城区安定门街道北京孔庙内",
	"type": "未注明",
	"lnglat": [116.41455543060933, 39.94650841366991]
}, {
	"name": "先师门",
	"addres": "地址：北京市东城区安定门街道北京孔庙内",
	"type": "未注明",
	"lnglat": [116.41455543060933, 39.94650841366991]
}, {
	"name": "西北门",
	"addres": "地址：北京市东城区东华门街道劳动人民文化宫内",
	"type": "未注明",
	"lnglat": [116.40000134818858, 39.91076141042134]
}, {
	"name": "崇圣祠",
	"addres": "地址：北京市东城区安定门街道北京孔庙内",
	"type": "未注明",
	"lnglat": [116.41455543060933, 39.94650841366991]
}, {
	"name": "交通部",
	"addres": "北京市东城区建国门街道建国门内大街11号",
	"type": "官署",
	"lnglat": [116.42601844817659, 39.90939060199704]
}, {
	"name": "全国妇女联合会",
	"addres": "北京市东城区建国门街道建国门内大街17号",
	"type": "官署",
	"lnglat": [116.42380970200212, 39.90911299444907]
}, {
	"name": "顺天府大堂",
	"addres": "北京市东城区安定门街道东公街9号",
	"type": "官署",
	"lnglat": [116.40661167959533, 39.94276419941286]
}, {
	"name": "海关总署",
	"addres": "北京市东城区建国门街道建国门内大街6号",
	"type": "官署",
	"lnglat": [116.43148338409658, 39.90736709604794]
}, {
	"name": "清炮局建筑遗存",
	"addres": "北京市东城区北新桥街道炮局胡同21号",
	"type": "官署",
	"lnglat": [116.42219114306596, 39.94603554730558]
}, {
	"name": "清满蒙汉正蓝旗都统衙门建筑遗存",
	"addres": "北京市东城区朝阳门街道本司胡同73号",
	"type": "官署",
	"lnglat": [116.41852979518949, 39.9199615179526]
}, {
	"name": "清外务部迎宾馆大门",
	"addres": "北京市东城区建国门街道外交部街33号",
	"type": "官署",
	"lnglat": [116.42134687454, 39.91348731195529]
}, {
	"name": "东交民巷使馆建筑群国际俱乐部旧址",
	"addres": "北京市东城区东华门街道台基厂大街8号",
	"type": "使馆",
	"lnglat": [116.41174939360573, 39.905421620992065]
}, {
	"name": "荷兰使馆旧址",
	"addres": "北京市东城区东华门街道前门东大街11号",
	"type": "使馆",
	"lnglat": [116.40297935056688, 39.90102919887999]
}, {
	"name": "美国使馆旧址",
	"addres": "北京市东城区东华门街道前门东大街23号",
	"type": "使馆",
	"lnglat": [116.40147584073712, 39.90108379433552]
}, {
	"name": "原俄国使馆武官处",
	"addres": "北京市东城区东华门街道东交民巷31、33号",
	"type": "使馆",
	"lnglat": [116.40223611508459, 39.90224800467791]
}, {
	"name": "原丹麦使馆",
	"addres": "北京市东城区东华门街道南河沿大街25号",
	"type": "使馆",
	"lnglat": [116.40656163149814, 39.91262218568658]
}, {
	"name": "东交民巷使馆建筑群意大利使馆旧址",
	"addres": "北京市东城区东华门街道台基厂大街1号",
	"type": "使馆",
	"lnglat": [116.41046400972924, 39.90657826231564]
}, {
	"name": "俄罗斯大使馆",
	"addres": "北京市东城区北新桥街道东直门北中街4号",
	"type": "使馆",
	"lnglat": [116.42837133563572, 39.944856258273575]
}, {
	"name": "原俄国使馆官员住宅",
	"addres": "北京市东城区东华门东交民巷27号旁门",
	"type": "使馆",
	"lnglat": [116.40497209424417, 39.903210744129794]
}, {
	"name": "东交民巷使馆建筑群奥地利使馆旧址",
	"addres": "北京市东城区东华门街道台基厂社区台基厂头条3号",
	"type": "使馆",
	"lnglat": [116.41319196283855, 39.90605002475503]
}, {
	"name": "东交民巷使馆建筑群日本公使馆旧址",
	"addres": "北京市东城区东华门街道东交民巷21、23号",
	"type": "使馆",
	"lnglat": [116.4089725110814, 39.902701840477306]
}, {
	"name": "东交民巷使馆建筑群法国兵营旧址",
	"addres": "北京市东城区东华门街道台基厂大街5号",
	"type": "使馆",
	"lnglat": [116.41160835807744, 39.90173957495294]
}, {
	"name": "东交民巷使馆建筑群法国使馆旧址",
	"addres": "北京市东城区东华门街道东交民巷15号",
	"type": "使馆",
	"lnglat": [116.41036496603917, 39.9029652295708]
}, {
	"name": "意大利使馆旧址建筑群",
	"addres": "北京市东城区东华门街道台基厂大街1号",
	"type": "使馆",
	"lnglat": [116.41046400972924, 39.90657826231564]
}, {
	"name": "原意大利使馆教堂",
	"addres": "北京市东城区东华门街道台基厂大街1号",
	"type": "使馆",
	"lnglat": [116.41046400972924, 39.90657826231564]
}, {
	"name": "东交民巷使馆建筑群比利时使馆旧址",
	"addres": "北京市东城区东华门街道崇文门西大街9号",
	"type": "使馆",
	"lnglat": [116.412472733417, 39.90174482141551]
}, {
	"name": "东交民巷使馆建筑群英国使馆旧址",
	"addres": "北京市东城区东华门街道东长安街14号",
	"type": "使馆",
	"lnglat": [116.40473097630854, 39.905678681268306]
}, {
	"name": "东交民巷使馆建筑群日本使馆旧址",
	"addres": "北京市东城区东华门街道正义路2号",
	"type": "使馆",
	"lnglat": [116.40881237855136, 39.904695800516855]
}, {
	"name": "公理战胜牌坊",
	"addres": "北京市东城区东华门街道中山公园内",
	"type": "牌楼",
	"lnglat": [116.39434958445595, 39.91071593152317]
}, {
	"name": "正阳牌楼",
	"addres": "北京市东城区前门街道前门大街与正阳门箭楼相对",
	"type": "牌楼",
	"lnglat": [116.39794267455535, 39.89937886272441]
}, {
	"name": "莲园",
	"addres": "北京市东城区朝阳门街道红岩胡同甲17，19号，新鲜胡同18号、甲18号",
	"type": "园林",
	"lnglat": [116.43187649485768, 39.921098211757865]
}, {
	"name": "习礼亭",
	"addres": "北京市东城区东华门街道中山公园内",
	"type": "园林",
	"lnglat": [116.39434958445595, 39.91071593152317]
}, {
	"name": "水榭",
	"addres": "北京市东城区东华门街道中山公园内",
	"type": "园林",
	"lnglat": [116.39434958445595, 39.91071593152317]
}, {
	"name": "唐花坞",
	"addres": "北京市东城区东华门街道中山公园内",
	"type": "园林",
	"lnglat": [116.39434958445595, 39.91071593152317]
}, {
	"name": "孙中山像",
	"addres": "北京市东城区东华门街道中山公园内",
	"type": "园林",
	"lnglat": [116.39434958445595, 39.91071593152317]
}, {
	"name": "兰亭八柱亭",
	"addres": "北京市东城区东华门街道中山公园内",
	"type": "园林",
	"lnglat": [116.39434958445595, 39.91071593152317]
}, {
	"name": "松柏交翠亭",
	"addres": "北京市东城区东华门街道菖蒲河社区",
	"type": "园林",
	"lnglat": [116.40724289302348, 39.91610837108675]
}, {
	"name": "青云片",
	"addres": "北京市东城区东华门街道中山公园内",
	"type": "园林",
	"lnglat": [116.39434958445595, 39.91071593152317]
}, {
	"name": "格言亭",
	"addres": "北京市东城区东华门街道中山公园内",
	"type": "园林",
	"lnglat": [116.39434958445595, 39.91071593152317]
}, {
	"name": "中山公园",
	"addres": "北京市东城区东华门街道天安门西侧",
	"type": "园林",
	"lnglat": [116.39275201862476, 39.90828453567818]
}, {
	"name": "绮园花园",
	"addres": "北京市东城区交道口街道秦老胡同35号",
	"type": "园林",
	"lnglat": [116.40588940725321, 39.93705600074233]
}, {
	"name": "柏林寺蝴蝶槐",
	"addres": "北京市柏林寺",
	"type": "古树名木",
	"lnglat": [116.41990932824179, 39.94622991349018]
}, {
	"name": "九莲菩提树（糠椴）",
	"addres": "北京市故宫英华殿",
	"type": "古树名木",
	"lnglat": [116.40752695194875, 39.904030444703125]
}, {
	"name": "钦安殿白皮松",
	"addres": "北京市故宫御花园钦安殿前",
	"type": "古树名木",
	"lnglat": [116.39681728960397, 39.92145657294869]
}, {
	"name": "中山辽柏",
	"addres": "北京市中山公园",
	"type": "古树名木",
	"lnglat": [116.39454557278331, 39.91036198395298]
}, {
	"name": "罗汉柏",
	"addres": "北京市孔庙内",
	"type": "古树名木",
	"lnglat": [116.40752695194875, 39.904030444703125]
}, {
	"name": "触奸柏",
	"addres": "北京市孔庙内",
	"type": "古树名木",
	"lnglat": [116.40752695194875, 39.904030444703125]
}, {
	"name": "天坛柏树",
	"addres": "北京市天坛",
	"type": "古树名木",
	"lnglat": [116.40500513603051, 39.88152275283616]
}, {
	"name": "太庙古柏",
	"addres": "北京市太庙（今劳动人民文化宫）",
	"type": "古树名木",
	"lnglat": [116.40000134818858, 39.91076141042134]
}, {
	"name": "古榆",
	"addres": "北京市东城区阳照胡同",
	"type": "古树名木",
	"lnglat": [116.42871043588019, 39.913554351737666]
}, {
	"name": "古楸树",
	"addres": "北京市故宫内",
	"type": "古树名木",
	"lnglat": [116.40752695194875, 39.904030444703125]
}, {
	"name": "连理柏",
	"addres": "北京市故宫内",
	"type": "古树名木",
	"lnglat": [116.40752695194875, 39.904030444703125]
}, {
	"name": "乾隆花园丁香",
	"addres": "北京市故宫内",
	"type": "古树名木",
	"lnglat": [116.40752695194875, 39.904030444703125]
}, {
	"name": "孔庙里的柏上桑",
	"addres": "北京市孔庙内",
	"type": "古树名木",
	"lnglat": [116.40752695194875, 39.904030444703125]
}, {
	"name": "故宫古柏",
	"addres": "北京市故宫内",
	"type": "古树名木",
	"lnglat": [116.40752695194875, 39.904030444703125]
}, {
	"name": "鹿回头",
	"addres": "北京市太庙（今劳动人民文化宫）",
	"type": "古树名木",
	"lnglat": [116.40000134818858, 39.91076141042134]
}, {
	"name": "老藤与古柏",
	"addres": "北京市故宫御花园内",
	"type": "古树名木",
	"lnglat": [116.39681728960397, 39.92145657294869]
}, {
	"name": "御花园龙爪槐",
	"addres": "北京市故宫御花园内",
	"type": "古树名木",
	"lnglat": [116.39681728960397, 39.92145657294869]
}, {
	"name": "故宫御花园古楸",
	"addres": "北京市故宫内",
	"type": "古树名木",
	"lnglat": [116.40752695194875, 39.904030444703125]
}, {
	"name": "故宫御花园凤凰柏",
	"addres": "北京市故宫内",
	"type": "古树名木",
	"lnglat": [116.40752695194875, 39.904030444703125]
}, {
	"name": "天问柏",
	"addres": "北京市天坛",
	"type": "古树名木",
	"lnglat": [116.40500513603051, 39.88152275283616]
}, {
	"name": "古卫茅",
	"addres": "北京市东城区盛芳胡同",
	"type": "古树名木",
	"lnglat": [116.43054302504324, 39.91508884672184]
}, {
	"name": "紫禁十八槐",
	"addres": "北京市故宫断虹桥侧",
	"type": "古树名木",
	"lnglat": [116.40752695194875, 39.904030444703125]
}, {
	"name": "文天祥手植枣树",
	"addres": "北京市“文天祥”祠",
	"type": "古树名木",
	"lnglat": [116.41020789083322, 39.93588519665605]
}, {
	"name": "白袍将军",
	"addres": "北京市位于北海团城",
	"type": "古树名木",
	"lnglat": [116.40752695194875, 39.904030444703125]
}, {
	"name": "将军柏",
	"addres": "北京市孔庙内",
	"type": "古树名木",
	"lnglat": [116.40752695194875, 39.904030444703125]
}, {
	"name": "遮荫侯",
	"addres": "北京市位于北海团城",
	"type": "古树名木",
	"lnglat": [116.40752695194875, 39.904030444703125]
}, {
	"name": "九龙柏",
	"addres": "北京市天坛公园\"回音壁\"西侧",
	"type": "古树名木",
	"lnglat": [116.4108880923263, 39.88195037269261]
}, {
	"name": "故宫叠翠山（堆秀山）白皮松",
	"addres": "北京市故宫内",
	"type": "古树名木",
	"lnglat": [116.40752695194875, 39.904030444703125]
}]