[{
	"years": "清",
	"name": "东交民巷使馆建筑群奥地利使馆旧址",
	"addres": "北京市东城区东华门街道台基厂社区台基厂头条3号",
	"protection_class": "全国重点文物保护单位",
	"lnglat": [116.41319196301893, 39.90605002487163]
}, {
	"years": "清",
	"name": "可园",
	"addres": "北京市东城区交道口街道帽儿胡同7、9、11、13号",
	"protection_class": "全国重点文物保护单位",
	"lnglat": [116.40231018675533, 39.9363760322998]
}, {
	"years": "明",
	"name": "左安门值房",
	"addres": "北京市东城区龙潭街道左安门内大街东南端",
	"protection_class": "全国重点文物保护单位",
	"lnglat": [116.43563569859033, 39.879512189318]
}, {
	"years": "明",
	"name": "故宫",
	"addres": "北京市东城区东华门街道景山前街4号",
	"protection_class": "全国重点文物保护单位",
	"lnglat": [116.39864089676328, 39.92123205224903]
}, {
	"years": "清",
	"name": "东交民巷使馆建筑群意大利使馆旧址",
	"addres": "北京市东城区东华门街道台基厂大街1号",
	"protection_class": "全国重点文物保护单位",
	"lnglat": [116.41046400947947, 39.90657826255193]
}, {
	"years": "清",
	"name": "雍和宫",
	"addres": "北京市东城区北新桥街道雍和宫大街12号",
	"protection_class": "全国重点文物保护单位",
	"lnglat": [116.41799162647547, 39.94738937753604]
}, {
	"years": "明",
	"name": "鼓楼",
	"addres": "北京市东城区安定门街道钟楼湾临字9号",
	"protection_class": "全国重点文物保护单位",
	"lnglat": [116.39636314615913, 39.942763451294134]
}, {
	"years": "明",
	"name": "袁崇焕墓和祠",
	"addres": "北京市东城区东花市街道东花市斜街52、50号",
	"protection_class": "全国重点文物保护单位",
	"lnglat": [116.43811956757203, 39.89518985182497]
}, {
	"years": "民国",
	"name": "花旗银行旧址",
	"addres": "北京市东城区东华门街道东交民巷36号",
	"protection_class": "全国重点文物保护单位",
	"lnglat": [116.40532319356156, 39.9020888395215]
}, {
	"years": "新中国",
	"name": "人民英雄纪念碑",
	"addres": "北京市东城区东华门街道正义路社区天安门广场内",
	"protection_class": "全国重点文物保护单位",
	"lnglat": [116.39772362189437, 39.903764807156044]
}, {
	"years": "清",
	"name": "亚斯立堂",
	"addres": "北京市东城区建国门街道后沟胡同丁2号",
	"protection_class": "全国重点文物保护单位",
	"lnglat": [116.42045650099814, 39.90288105935601]
}, {
	"years": "清",
	"name": "普度寺",
	"addres": "北京市东城区东华门街道普渡寺前巷35号",
	"protection_class": "全国重点文物保护单位",
	"lnglat": [116.4046930163184, 39.91309766732672]
}, {
	"years": "元",
	"name": "国子监",
	"addres": "北京市东城区安定门街道国子监街15号",
	"protection_class": "全国重点文物保护单位",
	"lnglat": [116.41373217871809, 39.946007178334746]
}, {
	"years": "明",
	"name": "皇史宬",
	"addres": "北京市东城区东华门街道南池子大街136号",
	"protection_class": "全国重点文物保护单位",
	"lnglat": [116.40389065949223, 39.90977845706042]
}, {
	"years": "明",
	"name": "社稷坛",
	"addres": "北京市东城区东华门街道中山公园内",
	"protection_class": "全国重点文物保护单位",
	"lnglat": [116.3943495848547, 39.91071593112395]
}, {
	"years": "清",
	"name": "柏林寺",
	"addres": "北京市东城区北新桥街道戏楼胡同1号",
	"protection_class": "全国重点文物保护单位",
	"lnglat": [116.41963222107972, 39.94543983797272]
}, {
	"years": "明",
	"name": "智化寺",
	"addres": "北京市东城区朝阳门街道禄米仓胡同5号",
	"protection_class": "全国重点文物保护单位",
	"lnglat": [116.43234066632631, 39.91733932891457]
}, {
	"years": "民国",
	"name": "东交民巷使馆建筑群国际俱乐部旧址",
	"addres": "北京市东城区东华门街道台基厂大街8号",
	"protection_class": "全国重点文物保护单位",
	"lnglat": [116.41174939395572, 39.905421621031095]
}, {
	"years": "清",
	"name": "钟楼",
	"addres": "北京市东城区安定门街道钟楼湾临字9号",
	"protection_class": "全国重点文物保护单位",
	"lnglat": [116.39636314615913, 39.942763451294134]
}, {
	"years": "清",
	"name": "孚王府",
	"addres": "北京市东城区朝阳门街道朝阳门内大街137号",
	"protection_class": "全国重点文物保护单位",
	"lnglat": [116.42505718746574, 39.924695342286185]
}, {
	"years": "元",
	"name": "大运河（玉河遗址）",
	"addres": "北京市东城区交道口街道东不压桥胡同南口至帽儿胡同西口",
	"protection_class": "全国重点文物保护单位",
	"lnglat": [116.39879399731723, 39.93636608609263]
}, {
	"years": "明",
	"name": "北京明城墙遗迹东城段",
	"addres": "北京市东城区建国门街道崇文门东顺成街",
	"protection_class": "全国重点文物保护单位",
	"lnglat": [116.42202005418953, 39.90112349099319]
}, {
	"years": "清",
	"name": "天安门",
	"addres": "北京市东城区东华门街道菖蒲河社区天安门内",
	"protection_class": "全国重点文物保护单位",
	"lnglat": [116.39757057649325, 39.90874076323719]
}, {
	"years": "清",
	"name": "东交民巷使馆建筑群日本公使馆旧址",
	"addres": "北京市东城区东华门街道东交民巷21、23号",
	"protection_class": "全国重点文物保护单位",
	"lnglat": [116.40897251089052, 39.9027018407573]
}, {
	"years": "清",
	"name": "东交民巷使馆建筑群法国兵营旧址",
	"addres": "北京市东城区东华门街道台基厂大街5号",
	"protection_class": "全国重点文物保护单位",
	"lnglat": [116.41160835843608, 39.90173957499164]
}, {
	"years": "清",
	"name": "北京城东南角楼",
	"addres": "北京市东城区建国门街道建国门南大街南端，北京火车站东南",
	"protection_class": "全国重点文物保护单位",
	"lnglat": [116.42643161974328, 39.90321071657309]
}, {
	"years": "清",
	"name": "东交民巷使馆建筑群英国使馆旧址",
	"addres": "北京市东城区东华门街道东长安街14号",
	"protection_class": "全国重点文物保护单位",
	"lnglat": [116.40473097603673, 39.905678681712324]
}, {
	"years": "民国",
	"name": "中华圣经会旧址",
	"addres": "北京市东城区东华门街道东单北大街21号",
	"protection_class": "全国重点文物保护单位",
	"lnglat": [116.417620533918, 39.91441026833977]
}, {
	"years": "清",
	"name": "清陆军部和海军部旧址",
	"addres": "北京市东城区交道口街道张自忠路3号",
	"protection_class": "全国重点文物保护单位",
	"lnglat": [116.4151166753763, 39.933818565677385]
}, {
	"years": "民国",
	"name": "孙中山行馆",
	"addres": "北京市东城区交道口街道张自忠路23号",
	"protection_class": "全国重点文物保护单位",
	"lnglat": [116.41102115545908, 39.93362542061892]
}, {
	"years": "清",
	"name": "东交民巷使馆建筑群法国使馆旧址",
	"addres": "北京市东城区东华门街道东交民巷15号",
	"protection_class": "全国重点文物保护单位",
	"lnglat": [116.4103649656599, 39.90296522953776]
}, {
	"years": "清",
	"name": "东交民巷使馆建筑群",
	"addres": "北京市东城区东华门街道东长安街14号",
	"protection_class": "全国重点文物保护单位",
	"lnglat": [116.40473097603673, 39.905678681712324]
}, {
	"years": "清",
	"name": "正阳门",
	"addres": "北京市东城区东华门街道正义路社区前门大街",
	"protection_class": "全国重点文物保护单位",
	"lnglat": [116.39832285349758, 39.89460195700317]
}, {
	"years": "清",
	"name": "东交民巷使馆建筑群日本使馆旧址",
	"addres": "北京市东城区东华门街道正义路2号",
	"protection_class": "全国重点文物保护单位",
	"lnglat": [116.4088123787425, 39.90469580007623]
}, {
	"years": "清",
	"name": "东交民巷使馆建筑群正金银行旧址",
	"addres": "北京市东城区东华门街道正义路甲4号",
	"protection_class": "全国重点文物保护单位",
	"lnglat": [116.40731086055392, 39.90330438944193]
}, {
	"years": "民国",
	"name": "北京大学地质馆旧址",
	"addres": "北京市东城区景山街道沙滩北街15号",
	"protection_class": "全国重点文物保护单位",
	"lnglat": [116.40355263855561, 39.92582235935295]
}, {
	"years": "明",
	"name": "文天祥祠",
	"addres": "北京市东城区交道口街道府学胡同63号",
	"protection_class": "全国重点文物保护单位",
	"lnglat": [116.41020789105745, 39.935885196487064]
}, {
	"years": "民国",
	"name": "北京大学红楼",
	"addres": "北京市东城区景山街道五四大街29号",
	"protection_class": "全国重点文物保护单位",
	"lnglat": [116.40533117554023, 39.92468484957121]
}, {
	"years": "清",
	"name": "古观象台",
	"addres": "北京市东城区建国门街道东裱褙胡同2号",
	"protection_class": "全国重点文物保护单位",
	"lnglat": [116.43439931273794, 39.90767887806021]
}, {
	"years": "清",
	"name": "协和医学院旧址",
	"addres": "北京市东城区东华门街道帅府园胡同1号，东城区东华门街道东单三条9号",
	"protection_class": "全国重点文物保护单位",
	"lnglat": [116.41758551729104, 39.91255425250095]
}, {
	"years": "清",
	"name": "正阳门箭楼",
	"addres": "北京市东城区东华门街道正义路社区前门大街",
	"protection_class": "全国重点文物保护单位",
	"lnglat": [116.39832285349758, 39.89460195700317]
}, {
	"years": "清",
	"name": "崇礼住宅",
	"addres": "北京市东城区东四街道东四六条63、65号",
	"protection_class": "全国重点文物保护单位",
	"lnglat": [116.41948819827861, 39.93039179228674]
}, {
	"years": "民国",
	"name": "东交民巷使馆建筑群东方汇理银行旧址",
	"addres": "北京市东城区东华门街道东交民巷34号",
	"protection_class": "全国重点文物保护单位",
	"lnglat": [116.40588136328509, 39.90221799314272]
}, {
	"years": "清",
	"name": "东交民巷使馆建筑群比利时使馆旧址",
	"addres": "北京市东城区东华门街道崇文门西大街9号",
	"protection_class": "全国重点文物保护单位",
	"lnglat": [116.41247273365448, 39.90174482160229]
}, {
	"years": "明",
	"name": "太庙",
	"addres": "北京市东城区东华门街道劳动人民文化宫内",
	"protection_class": "全国重点文物保护单位",
	"lnglat": [116.40000134835982, 39.91076141010375]
}, {
	"years": "清",
	"name": "孔庙",
	"addres": "北京市东城区安定门街道国子监街13号",
	"protection_class": "全国重点文物保护单位",
	"lnglat": [116.4145544312509, 39.9465094138057]
}, {
	"years": "明",
	"name": "地坛",
	"addres": "北京市东城区和平里街道安定门外大街东侧",
	"protection_class": "全国重点文物保护单位",
	"lnglat": [116.40775902434697, 39.950861521337494]
}, {
	"years": "民国",
	"name": "东城区鼓楼东大街255号四合院",
	"addres": "北京市东城区安定门街道鼓楼东大街255号",
	"protection_class": "市级文物保护单位",
	"lnglat": [116.39882199797317, 39.940974102265024]
}, {
	"years": "清",
	"name": "宣仁庙",
	"addres": "北京市东城区东华门街道北池子大街2号",
	"protection_class": "市级文物保护单位",
	"lnglat": [116.40276331165644, 39.9231011440428]
}, {
	"years": "清",
	"name": "于谦祠",
	"addres": "北京市东城区建国门街道西裱褙胡同23号",
	"protection_class": "市级文物保护单位",
	"lnglat": [116.42764706155177, 39.91414006071771]
}, {
	"years": "清",
	"name": "东城区圆恩寺后街7号四合院",
	"addres": "北京市东城区交道口街道后圆恩寺胡同7号",
	"protection_class": "市级文物保护单位",
	"lnglat": [116.40539725353598, 39.93856186283114]
}, {
	"years": "清",
	"name": "荷兰使馆旧址",
	"addres": "北京市东城区东华门街道前门东大街11号",
	"protection_class": "市级文物保护单位",
	"lnglat": [116.40297935062966, 39.90102919895106]
}, {
	"years": "新中国",
	"name": "老舍故居",
	"addres": "北京市东城区东华门街道丰富胡同19号",
	"protection_class": "市级文物保护单位",
	"lnglat": [116.40839929233418, 39.91869268998715]
}, {
	"years": "清",
	"name": "美国使馆旧址",
	"addres": "北京市东城区东华门街道前门东大街23号",
	"protection_class": "市级文物保护单位",
	"lnglat": [116.4014758406881, 39.90108379478311]
}, {
	"years": "清",
	"name": "东城区帽儿胡同5号四合院",
	"addres": "北京市东城区交道口街道帽儿胡同5号",
	"protection_class": "市级文物保护单位",
	"lnglat": [116.40257926054736, 39.93639309692828]
}, {
	"years": "明",
	"name": "禄米仓",
	"addres": "北京市东城区建国门街道禄米仓胡同71、73号",
	"protection_class": "市级文物保护单位",
	"lnglat": [116.42843033584315, 39.91719627540894]
}, {
	"years": "清",
	"name": "东城区内务部街11号四合院",
	"addres": "北京市东城区朝阳门街道内务部街11号",
	"protection_class": "市级文物保护单位",
	"lnglat": [116.42558127445291, 39.91935549153141]
}, {
	"years": "清",
	"name": "府学胡同36号四合院",
	"addres": "北京市东城区交道口街道府学胡同36号、交道口南大街136号",
	"protection_class": "市级文物保护单位",
	"lnglat": [116.41042793515354, 39.93494725408135]
}, {
	"years": "清",
	"name": "东城区西堂子胡同25～37号四合院",
	"addres": "北京市东城区东华门街道西堂子胡同25、27、29、33、35、37号",
	"protection_class": "市级文物保护单位",
	"lnglat": [116.4136881088579, 39.91635415832174]
}, {
	"years": "清",
	"name": "东城区国祥胡同甲2号四合院",
	"addres": "北京市东城区安定门街道国祥胡同甲2号",
	"protection_class": "市级文物保护单位",
	"lnglat": [116.39885002403503, 39.946564106059895]
}, {
	"years": "清",
	"name": "圣米厄尔教堂",
	"addres": "北京市区东城区东华门街道东交民巷甲13号",
	"protection_class": "市级文物保护单位",
	"lnglat": [116.41204250917735, 39.9029847027779]
}, {
	"years": "清",
	"name": "绮园花园",
	"addres": "北京市东城区交道口街道秦老胡同35号",
	"protection_class": "市级文物保护单位",
	"lnglat": [116.40588940735009, 39.93705600035646]
}, {
	"years": "明",
	"name": "福建汀州会馆北馆",
	"addres": "北京市东城区前门街道长巷二条46、48号",
	"protection_class": "市级文物保护单位",
	"lnglat": [116.4031664479041, 39.895957254700775]
}, {
	"years": "清",
	"name": "史家胡同53号四合院",
	"addres": "北京市东城区朝阳门街道史家胡同53号",
	"protection_class": "市级文物保护单位",
	"lnglat": [116.419413157614, 39.91870376394704]
}, {
	"years": "清",
	"name": "和敬公主府",
	"addres": "北京市东城区交道口街道张自忠路7号",
	"protection_class": "市级文物保护单位",
	"lnglat": [116.41309389003875, 39.93422799735293]
}, {
	"years": "清",
	"name": "东城区东棉花胡同15号院及拱门砖雕",
	"addres": "北京市东城区交道口街道东棉花胡同15号",
	"protection_class": "市级文物保护单位",
	"lnglat": [116.40709080778373, 39.9358313327567]
}, {
	"years": "清中后期",
	"name": "蔡元培故居",
	"addres": "北京市东城区建国门街道东堂子胡同75号",
	"protection_class": "市级文物保护单位",
	"lnglat": [116.41868587164156, 39.91428255885028]
}, {
	"years": "民国",
	"name": "欧美同学会",
	"addres": "北京市东城区东华门街道南河沿大街 111号",
	"protection_class": "市级文物保护单位",
	"lnglat": [116.40605948225225, 39.909322048366455]
}, {
	"years": "清",
	"name": "恒亲王府",
	"addres": "北京市东城区东四街道朝阳门内大街55号",
	"protection_class": "市级文物保护单位",
	"lnglat": [116.43142329246733, 39.9248310913429]
}, {
	"years": "明",
	"name": "南新仓",
	"addres": "北京市东城区东四街道东四十条22号",
	"protection_class": "市级文物保护单位",
	"lnglat": [116.4311082148941, 39.93186100714569]
}, {
	"years": "明",
	"name": "皇城墙遗址东城段",
	"addres": "北京市东城区东华门街道菖蒲河社区长安街，景山东街等地",
	"protection_class": "市级文物保护单位",
	"lnglat": [116.39963130948671, 39.92575330864788]
}, {
	"years": "清",
	"name": "正阳桥疏渠记方碑",
	"addres": "北京市东城区天坛街道红庙街78号",
	"protection_class": "市级文物保护单位",
	"lnglat": [116.39986432176592, 39.887426368538094]
}, {
	"years": "明",
	"name": "北新仓",
	"addres": "北京市东城区北新桥街道北新仓甲16号",
	"protection_class": "市级文物保护单位",
	"lnglat": [116.42949865428186, 39.93932156961641]
}, {
	"years": "明",
	"name": "东四清真寺",
	"addres": "北京市东城区东华门街道东四南大街13号",
	"protection_class": "市级文物保护单位",
	"lnglat": [116.41703130444121, 39.92335209838866]
}, {
	"years": "清",
	"name": "全聚德老门面墙",
	"addres": "北京市东城区前门街道前门大街30号",
	"protection_class": "市级文物保护单位",
	"lnglat": [116.39832081338974, 39.896650960432574]
}, {
	"years": "民国",
	"name": "毛主席故居",
	"addres": "北京市东城区景山街道吉安所左巷8号",
	"protection_class": "市级文物保护单位",
	"lnglat": [116.40064064893903, 39.92926257755522]
}, {
	"years": "清",
	"name": "东城区前鼓楼苑胡同7、9号四合院",
	"addres": "北京市东城区交道口街道前鼓楼苑胡同7号",
	"protection_class": "市级文物保护单位",
	"lnglat": [116.40227315482932, 39.93934002059761]
}, {
	"years": "民国",
	"name": "协和医院南院住宅群",
	"addres": "北京市东城区建国门街道北极阁三条26号",
	"protection_class": "市级文物保护单位",
	"lnglat": [116.41997434604642, 39.909907924873714]
}, {
	"years": "清",
	"name": "史家胡同55号四合院",
	"addres": "北京市东城区朝阳门街道史家胡同55号，内务部街甲44号",
	"protection_class": "市级文物保护单位",
	"lnglat": [116.41911003054607, 39.918468685524104]
}, {
	"years": "清",
	"name": "东堂",
	"addres": "北京市东城区东华门街道王府井大街74号",
	"protection_class": "市级文物保护单位",
	"lnglat": [116.41194755806822, 39.91728967692916]
}, {
	"years": "清",
	"name": "顺天府大堂",
	"addres": "北京市东城区安定门街道东公街9号",
	"protection_class": "市级文物保护单位",
	"lnglat": [116.406611679695, 39.942764199019884]
}, {
	"years": "清",
	"name": "茅盾故居",
	"addres": "北京市东城区交道口街道后圆恩寺胡同13号",
	"protection_class": "市级文物保护单位",
	"lnglat": [116.40466497109499, 39.9386436657744]
}, {
	"years": "清",
	"name": "法国邮政局旧址",
	"addres": "北京市东城区东华门街道东交民巷19号",
	"protection_class": "市级文物保护单位",
	"lnglat": [116.40949866913697, 39.90280499538372]
}, {
	"years": "清",
	"name": "东城区前永康胡同7号四合院",
	"addres": "北京市东城区北新桥街道前永康胡同7号",
	"protection_class": "市级文物保护单位",
	"lnglat": [116.42107570993979, 39.94422723508661]
}, {
	"years": "清",
	"name": "婉容旧居",
	"addres": "北京市东城区交道口街道帽儿胡同35、37号",
	"protection_class": "市级文物保护单位",
	"lnglat": [116.39950822840882, 39.93649827617]
}, {
	"years": "清",
	"name": "东城区美术馆东街25号四合院",
	"addres": "北京市东城区景山街道美术馆东街25号",
	"protection_class": "市级文物保护单位",
	"lnglat": [116.41011283116809, 39.925115163589766]
}, {
	"years": "清",
	"name": "京师大学堂建筑遗存",
	"addres": "北京市东城区景山街道沙滩后街55、59号",
	"protection_class": "市级文物保护单位",
	"lnglat": [116.40154287204155, 39.925484822171086]
}, {
	"years": "清",
	"name": "旧式铺面房",
	"addres": "北京市西城区什刹海街道地安门外大街50号",
	"protection_class": "市级文物保护单位",
	"lnglat": [116.39625712829162, 39.93919042295389]
}, {
	"years": "民国",
	"name": "陈独秀旧居",
	"addres": "北京市东城区东华门街道箭杆胡同20号",
	"protection_class": "市级文物保护单位",
	"lnglat": [116.40416877158557, 39.91732252739274]
}, {
	"years": "清",
	"name": "金台书院",
	"addres": "北京市东城区天坛街道东晓市大街203号",
	"protection_class": "市级文物保护单位",
	"lnglat": [116.4109521672029, 39.89126939559003]
}, {
	"years": "民国",
	"name": "孑民堂",
	"addres": "北京市东城区景山街道北河沿大街83号",
	"protection_class": "市级文物保护单位",
	"lnglat": [116.40579937413966, 39.926666977291326]
}, {
	"years": "清",
	"name": "小报房大清邮政局旧址",
	"addres": "北京市东城区建国门街道小报房胡同7号",
	"protection_class": "市级文物保护单位",
	"lnglat": [116.41918311139877, 39.90458670189101]
}, {
	"years": "清",
	"name": "史家胡同51号四合院",
	"addres": "北京市东城区朝阳门街道史家胡同51号",
	"protection_class": "市级文物保护单位",
	"lnglat": [116.41981625976403, 39.91854788281043]
}, {
	"years": "清",
	"name": "总理各国事务衙门建筑遗存",
	"addres": "北京市东城区建国门街道东堂子胡同49号",
	"protection_class": "市级文物保护单位",
	"lnglat": [116.42212614964026, 39.91432452708995]
}, {
	"years": "清",
	"name": "京奉铁路正阳门东车站旧址",
	"addres": "北京市东城区前门街道前门东大街甲2号",
	"protection_class": "市级文物保护单位",
	"lnglat": [116.41165538980893, 39.90050459355029]
}, {
	"years": "清",
	"name": "宁郡王府",
	"addres": "北京市东城区建国门街道北极阁三条69、71号，新开路胡同92、94、96、98、100号",
	"protection_class": "市级文物保护单位",
	"lnglat": [116.41911199643557, 39.91115668250882]
}, {
	"years": "清",
	"name": "东皇城根南街32号宅院",
	"addres": "北京市东城区东华门街道东皇城根南街32号",
	"protection_class": "市级文物保护单位",
	"lnglat": [116.40706082324822, 39.92185031903279]
}, {
	"years": "清",
	"name": "国子监街",
	"addres": "北京市东城区安定门街道国子监街",
	"protection_class": "市级文物保护单位",
	"lnglat": [116.41184348404855, 39.94548865017209]
}, {
	"years": "民国",
	"name": "北总布胡同2号宅院",
	"addres": "北京市东城区建国门街道北总布胡同2号",
	"protection_class": "市级文物保护单位",
	"lnglat": [116.43180144493044, 39.915190189531565]
}, {
	"years": "清",
	"name": "东城区沙井胡同15号四合院",
	"addres": "北京市东城区交道口街道沙井胡同15号",
	"protection_class": "市级文物保护单位",
	"lnglat": [116.40163197602871, 39.93784084107711]
}, {
	"years": "清",
	"name": "凝和庙",
	"addres": "北京市东城区东华门街道北池子大街46号",
	"protection_class": "市级文物保护单位",
	"lnglat": [116.4033234646246, 39.91935229740451]
}, {
	"years": "明",
	"name": "大慈延福宫建筑遗存",
	"addres": "北京市东城区东四街道朝阳门内大街203号",
	"protection_class": "市级文物保护单位",
	"lnglat": [116.42242625725295, 39.925767616591116]
}, {
	"years": "民国",
	"name": "盐业银行旧址",
	"addres": "北京市西城区大栅栏街道西河沿街7号",
	"protection_class": "市级文物保护单位",
	"lnglat": [116.40284632763773, 39.90031516291626]
}, {
	"years": "明",
	"name": "顺天府学",
	"addres": "北京市东城区交道口街道府学胡同65号",
	"protection_class": "市级文物保护单位",
	"lnglat": [116.40989280247013, 39.936389103973866]
}, {
	"years": "明",
	"name": "花市火神庙",
	"addres": "北京市东城区崇文门外街道西花市大街113号",
	"protection_class": "市级文物保护单位",
	"lnglat": [116.42117775121642, 39.89736625239695]
}, {
	"years": "民国",
	"name": "北京饭店初期建筑",
	"addres": "北京市东城区东华门街道东长安街33号",
	"protection_class": "市级文物保护单位",
	"lnglat": [116.40980978653342, 39.90874307568721]
}, {
	"years": "清",
	"name": "智珠寺",
	"addres": "北京市东城区景山街道嵩祝院23号、嵩祝寺北巷6号",
	"protection_class": "市级文物保护单位",
	"lnglat": [116.40407775972835, 39.928331505893794]
}, {
	"years": "民国",
	"name": "北京大学女生宿舍旧址",
	"addres": "北京市东城区景山街道沙滩北街乙2号",
	"protection_class": "市级文物保护单位",
	"lnglat": [116.40368966115729, 39.927349402841635]
}, {
	"years": "清",
	"name": "东城区黑芝麻胡同13号四合院",
	"addres": "北京市东城区交道口街道黑芝麻胡同13号",
	"protection_class": "市级文物保护单位",
	"lnglat": [116.40128185896904, 39.93858174990824]
}, {
	"years": "民国",
	"name": "崇文区新开路二十号四合院",
	"addres": "北京市东城区前门街道新开路（新革路）20号",
	"protection_class": "市级文物保护单位",
	"lnglat": [116.41001386392459, 39.897811138331825]
}, {
	"years": "民国",
	"name": "西城区西四北三条19号四合院",
	"addres": "北京市西城区新街口街道北三条19号",
	"protection_class": "市级文物保护单位",
	"lnglat": [116.41306695329615, 39.94326999478474]
}, {
	"years": "清",
	"name": "嵩祝寺",
	"addres": "北京市东城区景山街道北河沿大街25号，嵩祝院北巷4号",
	"protection_class": "市级文物保护单位",
	"lnglat": [116.40290132280687, 39.929195190196594]
}, {
	"years": "清",
	"name": "僧王府",
	"addres": "北京市东城区交道口街道炒豆胡同73、75、77号，板厂胡同30、32、34号",
	"protection_class": "市级文物保护单位",
	"lnglat": [116.4045299014739, 39.93433962818676]
}, {
	"years": "民国",
	"name": "协和医院北院住宅群",
	"addres": "北京市东城区建国门街道外交部街59号",
	"protection_class": "市级文物保护单位",
	"lnglat": [116.41872788653414, 39.91304157711542]
}, {
	"years": "新中国",
	"name": "毛主席纪念堂",
	"addres": "北京市东城区东华门街道天安门广场中轴线的南部",
	"protection_class": "市级文物保护单位",
	"lnglat": [116.39772362189437, 39.903764807156044]
}, {
	"years": "清",
	"name": "东城区礼士胡同129号四合院",
	"addres": "北京市东城区朝阳门街道礼士胡同129号",
	"protection_class": "市级文物保护单位",
	"lnglat": [116.42041647178652, 39.922020055073226]
}, {
	"years": "民国",
	"name": "原麦加利银行",
	"addres": "北京市东城区东华门街道东交民巷39号",
	"protection_class": "市级文物保护单位",
	"lnglat": [116.40037549237555, 39.90212650895596]
}, {
	"years": "清",
	"name": "阳平会馆戏楼",
	"addres": "北京市东城区前门街道小江胡同36号",
	"protection_class": "市级文物保护单位",
	"lnglat": [116.39999943044756, 39.89335539991259]
}, {
	"years": "明",
	"name": "隆安寺",
	"addres": "北京市东城区东花市街道白桥大街南里1、3号",
	"protection_class": "市级文物保护单位",
	"lnglat": [116.4404902963141, 39.89581645123967]
}, {
	"years": "不详",
	"name": "袁崇焕庙",
	"addres": "北京市东城区龙潭街道龙潭公园内",
	"protection_class": "市级文物保护单位",
	"lnglat": [116.44066738991403, 39.878703484973876]
}, {
	"years": "清",
	"name": "东城区方家胡同13、15号四合院",
	"addres": "北京市东城区安定门街道方家胡同13号、15号",
	"protection_class": "市级文物保护单位",
	"lnglat": [116.41456445844562, 39.94440541769782]
}, {
	"years": "民国",
	"name": "原中法大学",
	"addres": "北京市东城区景山街道东黄城根北街甲20号",
	"protection_class": "市级文物保护单位",
	"lnglat": [116.40693275415335, 39.92838228833627]
}, {
	"years": "清",
	"name": "菊儿胡同旧宅院",
	"addres": "北京市东城区交道口街道菊儿胡同3号、寿比胡同6号",
	"protection_class": "区级文物保护单位",
	"lnglat": [116.4075859494719, 39.93928847326391]
}, {
	"years": "明",
	"name": "文昌帝君庙遗存",
	"addres": "北京市东城区交道口街道帽儿胡同21号（景阳胡同4号)",
	"protection_class": "区级文物保护单位",
	"lnglat": [116.40025945965003, 39.936729482661505]
}, {
	"years": "清",
	"name": "东总布胡同53号宅院",
	"addres": "北京市东城区建国门街道东总布胡同53号",
	"protection_class": "区级文物保护单位",
	"lnglat": [116.42919757287906, 39.912235484920124]
}, {
	"years": "清",
	"name": "朝阳门内大街81号建筑",
	"addres": "北京市东城区东四街道朝阳门内大街81号",
	"protection_class": "区级文物保护单位",
	"lnglat": [116.42922053990172, 39.9247444923047]
}, {
	"years": "清",
	"name": "御制护国文昌帝君庙旧碑",
	"addres": "北京市东城区交道口街道帽儿胡同21号",
	"protection_class": "区级文物保护单位",
	"lnglat": [116.40025945965003, 39.936729482661505]
}, {
	"years": "清",
	"name": "东四六条55号四合院",
	"addres": "北京市东城区东四街道东四六条55号",
	"protection_class": "区级文物保护单位",
	"lnglat": [116.42117575112275, 39.93027826860648]
}, {
	"years": "民国",
	"name": "原北京大学图书馆",
	"addres": "北京市东城区景山街道北河沿大街甲83号",
	"protection_class": "区级文物保护单位",
	"lnglat": [116.40422379561778, 39.9260615423406]
}, {
	"years": "清",
	"name": "东四八条71号四合院",
	"addres": "北京市东城区东四街道东四八条71号",
	"protection_class": "区级文物保护单位",
	"lnglat": [116.42108570057512, 39.93246823734886]
}, {
	"years": "民国",
	"name": "田汉故居",
	"addres": "北京市东城区交道口街道细管胡同9号",
	"protection_class": "区级文物保护单位",
	"lnglat": [116.41535973402509, 39.93746663327265]
}, {
	"years": "民国",
	"name": "朝阳门南小街439号建筑",
	"addres": "北京市东城区建国门街道朝阳门南小街439号",
	"protection_class": "区级文物保护单位",
	"lnglat": [116.42680077162335, 39.91068982095979]
}, {
	"years": "民国",
	"name": "马辉堂花园",
	"addres": "北京市东城区景山街道魏家胡同18号，小细管胡同15号",
	"protection_class": "区级文物保护单位",
	"lnglat": [116.41463147314354, 39.93142042911164]
}, {
	"years": "民国",
	"name": "同福夹道4号住宅",
	"addres": "北京市东城区东华门街道同福夹道4号",
	"protection_class": "区级文物保护单位",
	"lnglat": [116.41610396950024, 39.92089383625079]
}, {
	"years": "清",
	"name": "麻线胡同3号宅院",
	"addres": "北京市东城区东四街道东四五条55号",
	"protection_class": "区级文物保护单位",
	"lnglat": [116.4225652568998, 39.92826165402313]
}, {
	"years": "新中国",
	"name": "欧阳予倩故居",
	"addres": "北京市东城区交道口街道张自忠路5号",
	"protection_class": "区级文物保护单位",
	"lnglat": [116.41391818096879, 39.934022227508045]
}, {
	"years": "清",
	"name": "桂公府",
	"addres": "北京市东城区朝阳门街道芳嘉园胡同11号，新鲜胡同40、42号",
	"protection_class": "区级文物保护单位",
	"lnglat": [116.4285363226832, 39.92043729856624]
}, {
	"years": "明",
	"name": "花市清真寺",
	"addres": "北京市东城区崇外街道西花市大街80号",
	"protection_class": "区级文物保护单位",
	"lnglat": [116.42356658275848, 39.89700492503866]
}, {
	"years": "清",
	"name": "翠花胡同27号四合院",
	"addres": "北京市东城区东华门街道翠花胡同27号、29号",
	"protection_class": "区级文物保护单位",
	"lnglat": [116.4090224807315, 39.9236718603908]
}, {
	"years": "清",
	"name": "板厂胡同27号四合院",
	"addres": "北京市东城区交道口街道板厂胡同27号",
	"protection_class": "区级文物保护单位",
	"lnglat": [116.40385568130645, 39.93509144343187]
}, {
	"years": "清",
	"name": "吉安所遗址",
	"addres": "北京市东城区景山街道吉安所右巷10号",
	"protection_class": "区级文物保护单位",
	"lnglat": [116.40005937501164, 39.92883342913385]
}, {
	"years": "清",
	"name": "僧格林沁祠堂",
	"addres": "北京市东城区交道口街道地安门东大街47号",
	"protection_class": "区级文物保护单位",
	"lnglat": [116.40730793057578, 39.93364538991161]
}, {
	"years": "明",
	"name": "惠王府",
	"addres": "北京市东城区东华门街道富强胡同3号，灯市口西街5号",
	"protection_class": "区级文物保护单位",
	"lnglat": [116.40891447699578, 39.91964783347164]
}, {
	"years": "民国",
	"name": "三·一八烈士纪念碑",
	"addres": "北京市东城区龙潭街道培新街6号",
	"protection_class": "区级文物保护单位",
	"lnglat": [116.43274778563132, 39.89142743013583]
}, {
	"years": "清",
	"name": "梁启超故居",
	"addres": "北京市东城区北新桥街道北沟沿胡同23号",
	"protection_class": "区级文物保护单位",
	"lnglat": [116.42389677213158, 39.93772302797617]
}, {
	"years": "民国",
	"name": "南岗子天主堂",
	"addres": "北京市东城区体育馆路街道永生巷6号",
	"protection_class": "区级文物保护单位",
	"lnglat": [116.42754000565502, 39.88920401675441]
}, {
	"years": "清",
	"name": "黄米胡同四合院",
	"addres": "北京市东城区景山街道黄米胡同5、7、9号，亮果厂6号",
	"protection_class": "区级文物保护单位",
	"lnglat": [116.40835528006274, 39.927198682301615]
}, {
	"years": "民国",
	"name": "杨昌济故居",
	"addres": "北京市东城区安定门街道豆腐池胡同15号",
	"protection_class": "区级文物保护单位",
	"lnglat": [116.39729852705817, 39.94399669520988]
}, {
	"years": "清",
	"name": "贝满女中建筑遗存",
	"addres": "北京市东城区东华门街道灯市口大街55号",
	"protection_class": "区级文物保护单位",
	"lnglat": [116.41349906888466, 39.91944410880661]
}, {
	"years": "民国初年",
	"name": "当铺遗址",
	"addres": "北京市东城区北新桥街道门楼胡同3、5号",
	"protection_class": "区级文物保护单位",
	"lnglat": [116.42531925397275, 39.935902417589034]
}, {
	"years": "清",
	"name": "什锦花园胡同19号四合院",
	"addres": "北京市东城区景山街道什锦花园胡同19号",
	"protection_class": "区级文物保护单位",
	"lnglat": [116.4154447537417, 39.930088659894835]
}, {
	"years": "清",
	"name": "承恩公志钧府",
	"addres": "北京市东城区景山街道大佛寺东街2、4、6号",
	"protection_class": "区级文物保护单位",
	"lnglat": [116.41101515711665, 39.927361416163755]
}, {
	"years": "明",
	"name": "慧照寺修建碑记",
	"addres": "北京市东城区北新桥街道东四十三条19号",
	"protection_class": "区级文物保护单位",
	"lnglat": [116.424609941923, 39.93654922724347]
}, {
	"years": "民国",
	"name": "段祺瑞宅",
	"addres": "北京市东城区东四街道仓南胡同5号",
	"protection_class": "区级文物保护单位",
	"lnglat": [116.43015094414434, 39.92849374591865]
}, {
	"years": "明",
	"name": "东安门遗址",
	"addres": "北京市东城区东华门街道东安门大街西口",
	"protection_class": "区级文物保护单位",
	"lnglat": [116.40732088839697, 39.91528739131361]
}, {
	"years": "清",
	"name": "贝子弘旿府",
	"addres": "北京市东城区景山街道大取灯胡同9号",
	"protection_class": "区级文物保护单位",
	"lnglat": [116.40752100700232, 39.93033244856697]
}, {
	"years": "清",
	"name": "东四四条5号四合院",
	"addres": "北京市东城区东四街道东四四条5号",
	"protection_class": "区级文物保护单位",
	"lnglat": [116.42518721636809, 39.92751138337876]
}, {
	"years": "清",
	"name": "雨儿胡同13号四合院",
	"addres": "北京市东城区交道口街道雨儿胡同13号",
	"protection_class": "区级文物保护单位",
	"lnglat": [116.40166891296617, 39.93568985615896]
}, {
	"years": "清",
	"name": "净土寺建筑遗存",
	"addres": "北京市东城区安定门街道净土胡同9号",
	"protection_class": "尚未核定为保护单位",
	"lnglat": [116.40131485494543, 39.94551775658764]
}, {
	"years": "清",
	"name": "永宁寺建筑遗存",
	"addres": "北京市东城区北新桥街道板桥胡同乙3号",
	"protection_class": "尚未核定为保护单位",
	"lnglat": [116.4179396825376, 39.93975735478298]
}, {
	"years": "民国",
	"name": "北平电话局北局旧址",
	"addres": "北京市东城区景山街道东皇城根大街34号",
	"protection_class": "尚未核定为保护单位",
	"lnglat": [116.41059308687895, 39.926961296889104]
}, {
	"years": "不详",
	"name": "宅院",
	"addres": "北京市东城区建国门街道朝阳门内南小街375,377号",
	"protection_class": "尚未核定为保护单位",
	"lnglat": [116.42657368715699, 39.91357175736254]
}, {
	"years": "不详",
	"name": "新潮胡同20号近代建筑",
	"addres": "北京市东城区前门街道新潮胡同20号",
	"protection_class": "尚未核定为保护单位",
	"lnglat": [116.3993972370708, 39.89535024760816]
}, {
	"years": "不详",
	"name": "大江胡同32号四合院",
	"addres": "北京市东城区前门街道大江胡同32号",
	"protection_class": "尚未核定为保护单位",
	"lnglat": [116.40317541633947, 39.89333825566575]
}, {
	"years": "清",
	"name": "湖南长沙会馆",
	"addres": "北京市西城区前门街道草厂十条胡同19号",
	"protection_class": "尚未核定为保护单位",
	"lnglat": [116.40718686413342, 39.89392135424318]
}, {
	"years": "清",
	"name": "晋翼会馆",
	"addres": "北京市东城区前门街道小江胡同30号",
	"protection_class": "尚未核定为保护单位",
	"lnglat": [116.39966529330634, 39.89412331721483]
}, {
	"years": "清",
	"name": "贵州会馆",
	"addres": "北京市东城区前门街道大江胡同83号",
	"protection_class": "尚未核定为保护单位",
	"lnglat": [116.40138881092665, 39.89478777020333]
}, {
	"years": "清",
	"name": "粤东会馆旧址",
	"addres": "北京市东城区前门街道西打磨厂街90号",
	"protection_class": "尚未核定为保护单位",
	"lnglat": [116.40699378656727, 39.898827295166036]
}, {
	"years": "明",
	"name": "湖北黄安会馆",
	"addres": "北京市东城区前门街道新革路1号",
	"protection_class": "尚未核定为保护单位",
	"lnglat": [116.4096877372632, 39.89803204344309]
}, {
	"years": "清",
	"name": "湖北孝感会馆",
	"addres": "北京市市辖区西城区前门街道草厂七条胡同19号",
	"protection_class": "尚未核定为保护单位",
	"lnglat": [116.40718686413342, 39.89392135424318]
}, {
	"years": "清",
	"name": "湖南宝庆会馆",
	"addres": "北京市西城区前门街道草厂五条胡同27号",
	"protection_class": "尚未核定为保护单位",
	"lnglat": [116.40718686413342, 39.89392135424318]
}, {
	"years": "清",
	"name": "湖北会馆",
	"addres": "北京市东城区前门街道原长巷头条13号",
	"protection_class": "尚未核定为保护单位",
	"lnglat": [116.40718686413342, 39.89392135424318]
}, {
	"years": "清",
	"name": "玄真观",
	"addres": "北京市西城区金融街街道四道弯胡同5号",
	"protection_class": "尚未核定为保护单位",
	"lnglat": [116.3963161533715, 39.94225144615457]
}, {
	"years": "明",
	"name": "福建汀州会馆南馆",
	"addres": "北京市东城区前门街道长巷头条62号、长巷二条43号",
	"protection_class": "尚未核定为保护单位",
	"lnglat": [116.40339054101366, 39.8955143178906]
}, {
	"years": "清",
	"name": "重兴关帝庙",
	"addres": "北京市东城区前门街道薛家湾胡同11号",
	"protection_class": "尚未核定为保护单位",
	"lnglat": [116.41082311943204, 39.894619353939035]
}, {
	"years": "明",
	"name": "颜料会馆",
	"addres": "北京市东城区前门街道青云胡同22号",
	"protection_class": "尚未核定为保护单位",
	"lnglat": [116.40460597840541, 39.89563864688917]
}, {
	"years": "清",
	"name": "勤劳胡同关帝庙",
	"addres": "北京市西城区西长安街街道勤劳胡同19号",
	"protection_class": "尚未核定为保护单位",
	"lnglat": [116.4051661418976, 39.937108799122754]
}, {
	"years": "明",
	"name": "敕建清华禅林",
	"addres": "北京市东城区天坛街道清华街7号",
	"protection_class": "尚未核定为保护单位",
	"lnglat": [116.41730540635858, 39.8916171700924]
}, {
	"years": "清",
	"name": "东四十一条93号住宅",
	"addres": "北京市东城区北新桥街道东四十一条93号",
	"protection_class": "尚未核定为保护单位",
	"lnglat": [116.41833376102903, 39.93440946583026]
}, {
	"years": "民国",
	"name": "长春别墅",
	"addres": "北京市东城区前门街道长巷头条33号",
	"protection_class": "尚未核定为保护单位",
	"lnglat": [116.40184001938148, 39.896111890952135]
}, {
	"years": "清",
	"name": "方砖厂胡同67四合院",
	"addres": "北京市东城区交道口街道方砖厂胡同67、69号",
	"protection_class": "尚未核定为保护单位",
	"lnglat": [116.39878202921474, 39.93822708554222]
}, {
	"years": "清",
	"name": "北锣鼓巷93号四合院",
	"addres": "北京市东城区安定门街道北锣鼓巷93号",
	"protection_class": "尚未核定为保护单位",
	"lnglat": [116.40259928825597, 39.942838109746376]
}, {
	"years": "清",
	"name": "史家胡同33号四合院石刻",
	"addres": "北京市东城区朝阳门街道史家胡同33号",
	"protection_class": "尚未核定为保护单位",
	"lnglat": [116.42281939950858, 39.91856372301223]
}, {
	"years": "民国",
	"name": "兴华路3号建筑",
	"addres": "北京市东城区东华门街道兴华路3号近代楼",
	"protection_class": "尚未核定为保护单位",
	"lnglat": [116.41395123924457, 39.902439234131535]
}, {
	"years": "清",
	"name": "东四八条111号四合院",
	"addres": "北京市东城区东四街道东四八条111号",
	"protection_class": "尚未核定为保护单位",
	"lnglat": [116.41906504962333, 39.932488675334426]
}, {
	"years": "清",
	"name": "宝泉局东作厂旧址",
	"addres": "北京市东城区东四街道东四四条83号",
	"protection_class": "尚未核定为保护单位",
	"lnglat": [116.41908608789784, 39.92741367853939]
}, {
	"years": "清",
	"name": "交道口北头条27号四合院",
	"addres": "北京市东城区安定门街道交道口北头条27号",
	"protection_class": "尚未核定为保护单位",
	"lnglat": [116.41378814906803, 39.94201719737129]
}, {
	"years": "清",
	"name": "原俄国使馆武官处",
	"addres": "北京市东城区东华门街道东交民巷31、33号",
	"protection_class": "尚未核定为保护单位",
	"lnglat": [116.40223611488614, 39.902248004654474]
}, {
	"years": "清",
	"name": "东四十三条77号四合院",
	"addres": "北京市东城区北新桥街道东四十三条77号，东四十四条90号",
	"protection_class": "尚未核定为保护单位",
	"lnglat": [116.42096072001951, 39.93656620127119]
}, {
	"years": "民国",
	"name": "东交民巷教堂附属建筑",
	"addres": "北京市东城区东华门街道台基厂大街14号",
	"protection_class": "尚未核定为保护单位",
	"lnglat": [116.41232168069484, 39.90334977738098]
}, {
	"years": "清",
	"name": "广西会馆",
	"addres": "北京市东城区前门街道銮庆胡同9号",
	"protection_class": "尚未核定为保护单位",
	"lnglat": [116.40470595160234, 39.898452673731605]
}, {
	"years": "清",
	"name": "广东韶州会馆",
	"addres": "北京市东城区前门街道草厂二条胡同2号",
	"protection_class": "尚未核定为保护单位",
	"lnglat": [116.40718686413342, 39.89392135424318]
}, {
	"years": "清",
	"name": "东四八条61号四合院",
	"addres": "北京市东城区东四街道东四八条61号，东四九条48号",
	"protection_class": "尚未核定为保护单位",
	"lnglat": [116.42230921244033, 39.932474582107304]
}, {
	"years": "民国",
	"name": "南吉祥胡同17、甲17号建筑",
	"addres": "北京市东城区景山街道南吉祥胡同17、甲17号",
	"protection_class": "尚未核定为保护单位",
	"lnglat": [116.41298887763817, 39.93073696549198]
}, {
	"years": "清",
	"name": "汇文学校建筑遗存",
	"addres": "北京市东城区建国门街道丁香胡同7号",
	"protection_class": "尚未核定为保护单位",
	"lnglat": [116.42373372059198, 39.90321397504357]
}, {
	"years": "清",
	"name": "路易·艾黎旧居",
	"addres": "北京市东城区东华门街道台基厂大街1号",
	"protection_class": "尚未核定为保护单位",
	"lnglat": [116.41046400947947, 39.90657826255193]
}, {
	"years": "清",
	"name": "大学士耆英宅",
	"addres": "北京市东城区景山街道钱粮胡同19、21号，育群胡同20、甲20号院",
	"protection_class": "尚未核定为保护单位",
	"lnglat": [116.41367608901987, 39.92792016275525]
}, {
	"years": "民国",
	"name": "协和医院院长楼",
	"addres": "北京市东城区建国门街道新开路胡同73号",
	"protection_class": "尚未核定为保护单位",
	"lnglat": [116.41941415435035, 39.911628761841484]
}, {
	"years": "民国",
	"name": "协和医院护士楼",
	"addres": "北京市东城区东华门街道东帅府胡同2号",
	"protection_class": "尚未核定为保护单位",
	"lnglat": [116.41689123199828, 39.912004059593976]
}, {
	"years": "清",
	"name": "东四二条11号四合院",
	"addres": "北京市东城区东四街道东四二条11号",
	"protection_class": "尚未核定为保护单位",
	"lnglat": [116.42015337297008, 39.926013975601876]
}, {
	"years": "新中国",
	"name": "北京饭店西楼",
	"addres": "北京市东城区东华门街道东长安街33号",
	"protection_class": "尚未核定为保护单位",
	"lnglat": [116.40980978653342, 39.90874307568721]
}, {
	"years": "民国",
	"name": "东皇城根电话局早期建筑",
	"addres": "北京市东城区景山街道东皇城根北街14号",
	"protection_class": "尚未核定为保护单位",
	"lnglat": [116.40656759742825, 39.9319501907762]
}, {
	"years": "民国",
	"name": "原丹麦使馆",
	"addres": "北京市东城区东华门街道南河沿大街25号",
	"protection_class": "尚未核定为保护单位",
	"lnglat": [116.40656163157004, 39.912622185573916]
}, {
	"years": "民国",
	"name": "基督教安定门内教堂",
	"addres": "北京市东城区安定门街道安定门内大街322号",
	"protection_class": "尚未核定为保护单位",
	"lnglat": [116.40876334775453, 39.941259794734016]
}, {
	"years": "清末",
	"name": "万庆当铺旧址",
	"addres": "北京市东城区交道口街道后圆恩寺胡同28号",
	"protection_class": "尚未核定为保护单位",
	"lnglat": [116.40536923966786, 39.93847685525037]
}, {
	"years": "民国",
	"name": "北河沿大街19号建筑",
	"addres": "北京市东城区景山街道北河沿大街19号",
	"protection_class": "尚未核定为保护单位",
	"lnglat": [116.40535424354574, 39.932251852389044]
}, {
	"years": "清、民国",
	"name": "南池子大街32号四合院",
	"addres": "北京市东城区东华门街道南池子大街32号",
	"protection_class": "尚未核定为保护单位",
	"lnglat": [116.40320949238095, 39.91427826552102]
}, {
	"years": "清",
	"name": "理郡王府旧址",
	"addres": "北京市东城区北新桥街道北新桥三条1号",
	"protection_class": "尚未核定为保护单位",
	"lnglat": [116.42519114677732, 39.943446384468594]
}, {
	"years": "民国",
	"name": "基督教救世军中央堂",
	"addres": "北京市东城区东华门街道王府井大街24、26号",
	"protection_class": "尚未核定为保护单位",
	"lnglat": [116.41116323229211, 39.921138453785]
}, {
	"years": "明",
	"name": "敕建崇祯观",
	"addres": "北京市东城区前门街道西兴隆街89号",
	"protection_class": "尚未核定为保护单位",
	"lnglat": [116.40726183252788, 39.89759336859447]
}, {
	"years": "清",
	"name": "基督教美以美会牧师住宅",
	"addres": "北京市东城区建国门街道北京站西街后沟胡同2号",
	"protection_class": "尚未核定为保护单位",
	"lnglat": [116.42199510075865, 39.902111490163854]
}, {
	"years": "清",
	"name": "林巧稚旧居",
	"addres": "北京市东城区建国门街道东堂子胡同25号",
	"protection_class": "尚未核定为保护单位",
	"lnglat": [116.42493109402595, 39.91435630883908]
}, {
	"years": "清",
	"name": "安徽太平县会馆",
	"addres": "北京市东城区前门街道草厂三条19号",
	"protection_class": "尚未核定为保护单位",
	"lnglat": [116.40630749912785, 39.89599211103445]
}, {
	"years": "清",
	"name": "湖北麻城会馆",
	"addres": "北京市东城区前门街道草厂头条胡同24号",
	"protection_class": "尚未核定为保护单位",
	"lnglat": [116.40718686413342, 39.89392135424318]
}, {
	"years": "明",
	"name": "山西会馆",
	"addres": "北京市东城区崇外街道北五老胡同5号",
	"protection_class": "尚未核定为保护单位",
	"lnglat": [116.41532272805944, 39.894963618844905]
}, {
	"years": "清",
	"name": "肖公庙",
	"addres": "北京市东城区前门街道西打磨厂街197号",
	"protection_class": "尚未核定为保护单位",
	"lnglat": [116.40353662538298, 39.89907435444179]
}, {
	"years": "清",
	"name": "台湾会馆",
	"addres": "北京市东城区前门街道大江胡同114号",
	"protection_class": "尚未核定为保护单位",
	"lnglat": [116.40059961613296, 39.894596566435816]
}, {
	"years": "民国",
	"name": "妇婴医院",
	"addres": "北京市东城区建国门街道后沟胡同乙9号",
	"protection_class": "尚未核定为保护单位",
	"lnglat": [116.41952221810516, 39.901727794522884]
}, {
	"years": "新中国",
	"name": "中国美术馆",
	"addres": "北京市东城区景山街道五四大街1号",
	"protection_class": "尚未核定为保护单位",
	"lnglat": [116.40907847580367, 39.925241884685]
}, {
	"years": "清",
	"name": "车郡王府建筑遗存",
	"addres": "北京市东城区东四街道东四三条35号",
	"protection_class": "尚未核定为保护单位",
	"lnglat": [116.42260426054017, 39.92698566756059]
}, {
	"years": "清",
	"name": "东四四条3号四合院",
	"addres": "北京市东城区东四街道东四四条3号",
	"protection_class": "尚未核定为保护单位",
	"lnglat": [116.42564934415695, 39.92750550905798]
}, {
	"years": "民国",
	"name": "北总布胡同12、24号四合院",
	"addres": "北京市东城区建国门街道北总布胡同12、24号",
	"protection_class": "尚未核定为保护单位",
	"lnglat": [116.43155343122473, 39.91397912189599]
}, {
	"years": "民国",
	"name": "东四北大街251号建筑",
	"addres": "北京市东城区景山街道东四北大街251号",
	"protection_class": "尚未核定为保护单位",
	"lnglat": [116.41703728324664, 39.93182910417379]
}, {
	"years": "清",
	"name": "史家胡同5号四合院",
	"addres": "北京市东城区朝阳门街道史家胡同5号",
	"protection_class": "尚未核定为保护单位",
	"lnglat": [116.4256303149574, 39.91850149861778]
}, {
	"years": "民国",
	"name": "宝成当铺旧址",
	"addres": "北京市东城区建国门街道东总部胡同62号",
	"protection_class": "尚未核定为保护单位",
	"lnglat": [116.42715485900536, 39.91210092347673]
}, {
	"years": "新中国",
	"name": "北京站",
	"addres": "北京市东城区建国门街道建国门大街南侧",
	"protection_class": "尚未核定为保护单位",
	"lnglat": [116.43243464976287, 39.90962235798818]
}, {
	"years": "二十世纪初",
	"name": "豫丰钱庄旧址",
	"addres": "北京市东城区东四南大街28号",
	"protection_class": "尚未核定为保护单位",
	"lnglat": [116.41785364441917, 39.923394333767504]
}, {
	"years": "清末民初",
	"name": "东四三条77号四合院",
	"addres": "北京市东城区东四街道东四三条77号",
	"protection_class": "尚未核定为保护单位",
	"lnglat": [116.41926807963759, 39.92672972618381]
}, {
	"years": "新中国",
	"name": "中国革命历史博物馆",
	"addres": "北京市东城区东华门街道天安门广场东侧路",
	"protection_class": "尚未核定为保护单位",
	"lnglat": [116.39772362189437, 39.903764807156044]
}, {
	"years": "民国",
	"name": "基督教公理会旧址",
	"addres": "北京市东城区东华门街道灯市口北巷15号",
	"protection_class": "尚未核定为保护单位",
	"lnglat": [116.41370913651839, 39.920548170428575]
}, {
	"years": "新中国",
	"name": "原冶金部办公楼",
	"addres": "北京市东城区东华门街道东四西大街46号",
	"protection_class": "尚未核定为保护单位",
	"lnglat": [116.41383213299417, 39.924000207064346]
}, {
	"years": "清",
	"name": "吴越钱氏宗祠",
	"addres": "北京市东城区前门街道薛家湾胡同39号",
	"protection_class": "尚未核定为保护单位",
	"lnglat": [116.40903152305664, 39.89420886360458]
}, {
	"years": "清",
	"name": "盛芳胡同1号四合院",
	"addres": "北京市东城区建国门街道盛芳胡同1号",
	"protection_class": "尚未核定为保护单位",
	"lnglat": [116.43131130494854, 39.91511205590652]
}, {
	"years": "清",
	"name": "菜厂胡同3、甲3号四合院",
	"addres": "北京市东城区东华门街道菜厂胡同3号、甲3号",
	"protection_class": "尚未核定为保护单位",
	"lnglat": [116.41051102497829, 39.914605276560096]
}, {
	"years": "清",
	"name": "双忠祠大门",
	"addres": "北京市东城区建国门街道外交部街33号",
	"protection_class": "尚未核定为保护单位",
	"lnglat": [116.42134687440596, 39.91348731204619]
}, {
	"years": "清",
	"name": "北池子大街23号四合院",
	"addres": "北京市东城区东华门街道北池子大街23号",
	"protection_class": "尚未核定为保护单位",
	"lnglat": [116.40250718623558, 39.92106308101469]
}, {
	"years": "清",
	"name": "珠市口东大街161号四合院",
	"addres": "北京市东城区前门街道珠市口东大街161号",
	"protection_class": "尚未核定为保护单位",
	"lnglat": [116.4092295163863, 39.89352491895298]
}, {
	"years": "新中国",
	"name": "北京自然博物馆",
	"addres": "北京市东城区天坛街道天桥南大街126号",
	"protection_class": "尚未核定为保护单位",
	"lnglat": [116.40000243914767, 39.883202396350214]
}, {
	"years": "民国",
	"name": "北京电车修造厂旧址",
	"addres": "北京市东城区体育馆路街道法华寺街91号",
	"protection_class": "尚未核定为保护单位",
	"lnglat": [116.42131082697485, 39.88779228957715]
}, {
	"years": "清",
	"name": "湖南辰沅会馆",
	"addres": "北京市西城区前门街道草厂八条胡同27号",
	"protection_class": "尚未核定为保护单位",
	"lnglat": [116.40718686413342, 39.89392135424318]
}, {
	"years": "清",
	"name": "估衣会馆",
	"addres": "北京市东城区天坛街道大市胡同11号",
	"protection_class": "尚未核定为保护单位",
	"lnglat": [116.40452994090793, 39.891509620769675]
}, {
	"years": "清",
	"name": "韩文公祠建筑遗存",
	"addres": "北京市东城区安定门街道国子监街国学胡同31号",
	"protection_class": "尚未核定为保护单位",
	"lnglat": [116.41410724712262, 39.947618287269876]
}, {
	"years": "不详",
	"name": "海关总署",
	"addres": "北京市东城区建国门街道建国门内大街6号",
	"protection_class": "尚未核定为保护单位",
	"lnglat": [116.43148338398315, 39.90736709614535]
}, {
	"years": "清",
	"name": "清炮局建筑遗存",
	"addres": "北京市东城区北新桥街道炮局胡同21号",
	"protection_class": "尚未核定为保护单位",
	"lnglat": [116.4221911433683, 39.94603554714634]
}, {
	"years": "明",
	"name": "北京外城东南角角楼城墙遗址",
	"addres": "北京市东城区龙潭街道左安门以东300米龙潭东路向北转弯处",
	"protection_class": "尚未核定为保护单位",
	"lnglat": [116.44458457605563, 39.877138455373085]
}, {
	"years": "清",
	"name": "清满蒙汉正蓝旗都统衙门建筑遗存",
	"addres": "北京市东城区朝阳门街道本司胡同73号",
	"protection_class": "尚未核定为保护单位",
	"lnglat": [116.41852979487396, 39.91996151756066]
}, {
	"years": "民国",
	"name": "南池子大街49号四合院",
	"addres": "北京市东城区东华门街道南池子大街49号",
	"protection_class": "尚未核定为保护单位",
	"lnglat": [116.40286734883627, 39.91299617536058]
}, {
	"years": "19世纪末20世纪初",
	"name": "原法国洋行",
	"addres": "北京市东城区东华门街道东交民巷11号",
	"protection_class": "尚未核定为保护单位",
	"lnglat": [116.4136530795549, 39.902698151762905]
}, {
	"years": "民国",
	"name": "东皇城根北街16号建筑",
	"addres": "北京市东城区景山街道东皇城根北街16号",
	"protection_class": "尚未核定为保护单位",
	"lnglat": [116.40726983326807, 39.93053338121914]
}, {
	"years": "民国",
	"name": "黎元洪旧居",
	"addres": "北京市东城区东华门街道王府井大街27号",
	"protection_class": "尚未核定为保护单位",
	"lnglat": [116.41054503920037, 39.92260229056082]
}, {
	"years": "清",
	"name": "翠花胡同33号四合院",
	"addres": "北京市东城区东华门街道翠花胡同33号",
	"protection_class": "尚未核定为保护单位",
	"lnglat": [116.40808214973359, 39.92372360203359]
}, {
	"years": "民国",
	"name": "原北平第一助产学校旧址",
	"addres": "北京市东城区交道口街道交道口南大街136号",
	"protection_class": "尚未核定为保护单位",
	"lnglat": [116.40928759074053, 39.93492693590617]
}, {
	"years": "明",
	"name": "旌德会馆",
	"addres": "北京市东城区前门街道大江胡同19号",
	"protection_class": "尚未核定为保护单位",
	"lnglat": [116.40376763116628, 39.89326041876999]
}, {
	"years": "清",
	"name": "东四七条79号四合院",
	"addres": "北京市东城区东四街道东四七条79号",
	"protection_class": "尚未核定为保护单位",
	"lnglat": [116.41928708767462, 39.93159273618163]
}, {
	"years": "清",
	"name": "三眼井胡同93号四合院石刻",
	"addres": "北京市东城区景山街道三眼井胡同93号",
	"protection_class": "尚未核定为保护单位",
	"lnglat": [116.40012840441356, 39.928068443676715]
}, {
	"years": "清",
	"name": "东四四条86号建筑",
	"addres": "北京市东城区东四街道东四四条86号",
	"protection_class": "尚未核定为保护单位",
	"lnglat": [116.41765054461779, 39.927168280587]
}, {
	"years": "清",
	"name": "细管胡同11号四合院",
	"addres": "北京市东城区交道口街道细管胡同11号",
	"protection_class": "尚未核定为保护单位",
	"lnglat": [116.41547474524943, 39.9371776678956]
}, {
	"years": "民国",
	"name": "东总布胡同32号建筑",
	"addres": "北京市东城区建国门街道东总布胡同32号",
	"protection_class": "尚未核定为保护单位",
	"lnglat": [116.43032292391521, 39.91204478938334]
}, {
	"years": "清",
	"name": "史家胡同23号四合院",
	"addres": "北京市东城区朝阳门街道史家胡同23号",
	"protection_class": "尚未核定为保护单位",
	"lnglat": [116.42411782073043, 39.91857708092689]
}, {
	"years": "民国",
	"name": "民国陆军被服厂旧址",
	"addres": "北京市东城区建国门街道禄米仓胡同71号",
	"protection_class": "尚未核定为保护单位",
	"lnglat": [116.42843033584315, 39.91719627540894]
}, {
	"years": "清",
	"name": "北新桥头条57号四合院",
	"addres": "北京市东城区北新桥街道北新桥头条57号",
	"protection_class": "尚未核定为保护单位",
	"lnglat": [116.41838978967152, 39.941952484753934]
}, {
	"years": "清",
	"name": "清外务部迎宾馆大门",
	"addres": "北京市东城区建国门街道外交部街33号",
	"protection_class": "尚未核定为保护单位",
	"lnglat": [116.42134687440596, 39.91348731204619]
}, {
	"years": "清",
	"name": "南下洼子胡同22号四合院",
	"addres": "北京市东城区交道口街道南下洼子胡同22、27号",
	"protection_class": "尚未核定为保护单位",
	"lnglat": [116.39975631304698, 39.93949034337806]
}, {
	"years": "新中国",
	"name": "首都剧场",
	"addres": "北京市东城区东华门街道王府井大街22号",
	"protection_class": "尚未核定为保护单位",
	"lnglat": [116.4119575008296, 39.92156368497077]
}, {
	"years": "清",
	"name": "交道口北头条11、北二条22号四合院",
	"addres": "北京市东城区安定门街道交道口北头条11号、北二条22号",
	"protection_class": "尚未核定为保护单位",
	"lnglat": [116.41509763307835, 39.94203656086869]
}, {
	"years": "新中国",
	"name": "李济深旧居",
	"addres": "北京市东城区建国门街道西总布胡同9号",
	"protection_class": "尚未核定为保护单位",
	"lnglat": [116.42596646493267, 39.91223059512937]
}, {
	"years": "清",
	"name": "喇嘛庙祠堂",
	"addres": "北京市东城区北新桥街道藏经馆胡同3号",
	"protection_class": "尚未核定为保护单位",
	"lnglat": [116.41964626141947, 39.94817983993607]
}, {
	"years": "清",
	"name": "府学胡同5号建筑",
	"addres": "北京市东城区交道口街道府学胡同5号",
	"protection_class": "尚未核定为保护单位",
	"lnglat": [116.41473551886988, 39.93602845837266]
}, {
	"years": "清",
	"name": "慈慧胡同11号四合院石刻",
	"addres": "北京市东城区景山街道慈慧胡同11号",
	"protection_class": "尚未核定为保护单位",
	"lnglat": [116.39789268027175, 39.93179684990852]
}, {
	"years": "清",
	"name": "意大利使馆旧址建筑群",
	"addres": "北京市东城区东华门街道台基厂大街1号",
	"protection_class": "尚未核定为保护单位",
	"lnglat": [116.41046400947947, 39.90657826255193]
}, {
	"years": "清",
	"name": "景阳胡同1号四合院",
	"addres": "北京市东城区交道口街道景阳胡同1号",
	"protection_class": "尚未核定为保护单位",
	"lnglat": [116.40259729268917, 39.93739210185525]
}, {
	"years": "清",
	"name": "原意大利使馆教堂",
	"addres": "北京市东城区东华门街道台基厂大街1号",
	"protection_class": "尚未核定为保护单位",
	"lnglat": [116.41046400947947, 39.90657826255193]
}, {
	"years": "清",
	"name": "船板胡同2号建筑",
	"addres": "北京市东城区建国门街道船板胡同2号",
	"protection_class": "尚未核定为保护单位",
	"lnglat": [116.42108178374353, 39.902528229105734]
}, {
	"years": "清",
	"name": "福祥胡同5号四合院",
	"addres": "北京市东城区交道口街道福祥胡同5号",
	"protection_class": "尚未核定为保护单位",
	"lnglat": [116.40255929812704, 39.934377090435184]
}, {
	"years": "民国",
	"name": "东棉花胡同17～27号住宅",
	"addres": "北京市东城区交道口街道东棉花胡同17、19、21、23、25、27号",
	"protection_class": "尚未核定为保护单位",
	"lnglat": [116.4069798027896, 39.93580730318368]
}, {
	"years": "清",
	"name": "安徽泾县会馆",
	"addres": "北京市东城区前门街道长巷头条60号",
	"protection_class": "尚未核定为保护单位",
	"lnglat": [116.40294936205939, 39.89568019799809]
}, {
	"years": "清",
	"name": "吉州会馆",
	"addres": "北京市东城区前门街道大江胡同85号",
	"protection_class": "尚未核定为保护单位",
	"lnglat": [116.4013048301733, 39.895937756289044]
}, {
	"years": "清",
	"name": "乾泰寺",
	"addres": "北京市东城区前门街道原冰窖斜街33号，迁建位置小江胡同38号南侧",
	"protection_class": "尚未核定为保护单位",
	"lnglat": [116.40062259050654, 39.89354456570928]
}, {
	"years": "清",
	"name": "柳祖祠",
	"addres": "北京市东城区前门街道罗家井胡同28号",
	"protection_class": "尚未核定为保护单位",
	"lnglat": [116.40718686413342, 39.89392135424318]
}, {
	"years": "清",
	"name": "干面胡同61号四合院",
	"addres": "北京市东城区朝阳门街道干面胡同61号",
	"protection_class": "尚未核定为保护单位",
	"lnglat": [116.42041954837991, 39.917152048942924]
}, {
	"years": "清",
	"name": "前门关帝庙",
	"addres": "北京市东城区前门街道得丰西巷65号",
	"protection_class": "尚未核定为保护单位",
	"lnglat": [116.40171493344815, 39.894947859438226]
}, {
	"years": "清",
	"name": "广慧寺",
	"addres": "北京市东城区体育馆路街道东壁街45号",
	"protection_class": "尚未核定为保护单位",
	"lnglat": [116.42638860767686, 39.890982698862445]
}, {
	"years": "清",
	"name": "西竺庵",
	"addres": "北京市东城区前门街道南芦草园胡同30号",
	"protection_class": "尚未核定为保护单位",
	"lnglat": [116.4049921127158, 39.893916744422626]
}, {
	"years": "民国",
	"name": "钱业同业公会",
	"addres": "北京市西城区大栅栏街道前门西河沿186号",
	"protection_class": "尚未核定为保护单位",
	"lnglat": [116.40284632763773, 39.90031516291626]
}, {
	"years": "清",
	"name": "锡拉胡同19号四合院",
	"addres": "北京市东城区东华门街道锡拉胡同19号",
	"protection_class": "尚未核定为保护单位",
	"lnglat": [116.40808514733212, 39.9166506060591]
}, {
	"years": "明",
	"name": "上湖南会馆",
	"addres": "北京市东城区前门街道奋章胡同11号",
	"protection_class": "尚未核定为保护单位",
	"lnglat": [116.41029097801554, 39.89669021056371]
}, {
	"years": "清",
	"name": "慈源寺",
	"addres": "北京市东城区天坛街道东晓市街147、149、151、153、155、157、159号",
	"protection_class": "尚未核定为保护单位",
	"lnglat": [116.41321899048663, 39.89064502717336]
}, {
	"years": "清",
	"name": "地藏庵",
	"addres": "北京市东城区前门街道北桥湾10号",
	"protection_class": "尚未核定为保护单位",
	"lnglat": [116.40721084763572, 39.89379035983619]
}, {
	"years": "清",
	"name": "福德庵",
	"addres": "北京市东城区安定门街道鼓楼西大街1号",
	"protection_class": "尚未核定为保护单位",
	"lnglat": [116.39510373530972, 39.94091513255684]
}, {
	"years": "清",
	"name": "黄瓦财神庙",
	"addres": "北京市东城区安定门街道鼓楼东大街117号",
	"protection_class": "尚未核定为保护单位",
	"lnglat": [116.40325850941055, 39.94097928338808]
}, {
	"years": "清",
	"name": "法华寺遗存",
	"addres": "北京市东城区东华门街道多福巷32号、44号",
	"protection_class": "尚未核定为保护单位",
	"lnglat": [116.41181251498318, 39.92295564260909]
}, {
	"years": "明",
	"name": "石棣会馆",
	"addres": "北京市东城区前门街道大席胡同20号",
	"protection_class": "尚未核定为保护单位",
	"lnglat": [116.40376771321303, 39.89390441874853]
}, {
	"years": "明",
	"name": "临汾会馆",
	"addres": "北京市东城区前门街道西打磨厂街105号",
	"protection_class": "尚未核定为保护单位",
	"lnglat": [116.40657058518804, 39.89891918196932]
}, {
	"years": "明",
	"name": "铁山寺",
	"addres": "北京市东城区前门街道珠市口东大街217号",
	"protection_class": "尚未核定为保护单位",
	"lnglat": [116.40699380804246, 39.89350230029795]
}, {
	"years": "清",
	"name": "关帝高庙",
	"addres": "北京市东城区前门街道青云胡同23号",
	"protection_class": "尚未核定为保护单位",
	"lnglat": [116.40440884125657, 39.89558658771038]
}, {
	"years": "清",
	"name": "广东惠州会馆",
	"addres": "北京市东城区前门街道草厂七条胡同草厂七条12号",
	"protection_class": "尚未核定为保护单位",
	"lnglat": [116.40820318541375, 39.895811630983076]
}, {
	"years": "清",
	"name": "地藏禅林",
	"addres": "北京市东城区崇文门外街道原东茶食胡同110号",
	"protection_class": "尚未核定为保护单位",
	"lnglat": [116.42741993371853, 39.89463198274091]
}, {
	"years": "清",
	"name": "朝阳阁",
	"addres": "北京市东城区前门街道大席胡同6号",
	"protection_class": "尚未核定为保护单位",
	"lnglat": [116.40429585262096, 39.89425055411027]
}, {
	"years": "清",
	"name": "五圣禅林",
	"addres": "北京市东城区崇文门外街道北武胜巷4号",
	"protection_class": "尚未核定为保护单位",
	"lnglat": [116.4118004923829, 39.896094633862305]
}, {
	"years": "明",
	"name": "芜湖会馆",
	"addres": "北京市东城区前门街道长巷五条7号",
	"protection_class": "尚未核定为保护单位",
	"lnglat": [116.4039647255631, 39.896063470699026]
}, {
	"years": "清",
	"name": "江西袁州会馆",
	"addres": "北京市东城区前门街道草厂七条胡同6号",
	"protection_class": "尚未核定为保护单位",
	"lnglat": [116.40718686413342, 39.89392135424318]
}, {
	"years": "清",
	"name": "观音阁",
	"addres": "北京市东城区前门街道西打磨厂街262号",
	"protection_class": "尚未核定为保护单位",
	"lnglat": [116.40878036288785, 39.899059787382065]
}, {
	"years": "明",
	"name": "雷音禅林",
	"addres": "北京市东城区前门街道北芦草园胡同23号",
	"protection_class": "尚未核定为保护单位",
	"lnglat": [116.40716783377982, 39.894469348322424]
}, {
	"years": "明",
	"name": "火神庙",
	"addres": "北京市东城区前门街道北芦草园胡同85号",
	"protection_class": "尚未核定为保护单位",
	"lnglat": [116.40471603694755, 39.895186675848294]
}, {
	"years": "清",
	"name": "云间会馆",
	"addres": "北京市东城区前门街道大江胡同112号",
	"protection_class": "尚未核定为保护单位",
	"lnglat": [116.39999943571293, 39.8949674046653]
}, {
	"years": "明",
	"name": "卧佛寺",
	"addres": "北京市东城区东花市街道东花市斜街34号，现址东花市南里东区甲8号",
	"protection_class": "尚未核定为保护单位",
	"lnglat": [116.43664111822933, 39.89561246683263]
}, {
	"years": "清",
	"name": "江西德化会馆",
	"addres": "北京市东城区前门街道大席胡同25号",
	"protection_class": "尚未核定为保护单位",
	"lnglat": [116.40346256465538, 39.89400933503621]
}, {
	"years": "清",
	"name": "丰城会馆",
	"addres": "北京市东城区前门街道长巷头条53号",
	"protection_class": "尚未核定为保护单位",
	"lnglat": [116.40315346380902, 39.89532025218417]
}, {
	"years": "清",
	"name": "灵应三官庙",
	"addres": "北京市东城区前门街道北晓顺胡同1号",
	"protection_class": "尚未核定为保护单位",
	"lnglat": [116.39884696498423, 39.89826010323755]
}, {
	"years": "清",
	"name": "显应白衣观音庵",
	"addres": "北京市东城区前门街道得丰西巷4号",
	"protection_class": "尚未核定为保护单位",
	"lnglat": [116.40271635671992, 39.89451613410274]
}, {
	"years": "清",
	"name": "法通寺建筑遗存",
	"addres": "北京市东城区安定门街道华丰胡同5号",
	"protection_class": "尚未核定为保护单位",
	"lnglat": [116.40240619405765, 39.944065055886675]
}, {
	"years": "清",
	"name": "马叙伦旧居",
	"addres": "北京市东城区朝阳门街道禄米仓后巷甲1号",
	"protection_class": "尚未核定为保护单位",
	"lnglat": [116.43004384712256, 39.91881471569658]
}, {
	"years": "清",
	"name": "前鼓楼苑胡同13号四合院",
	"addres": "北京市东城区交道口街道前鼓楼苑胡同13号",
	"protection_class": "尚未核定为保护单位",
	"lnglat": [116.40152693067621, 39.93930981712577]
}, {
	"years": "新中国",
	"name": "原中央美术学院美术馆",
	"addres": "北京市东城区东华门街道校尉胡同5号",
	"protection_class": "尚未核定为保护单位",
	"lnglat": [116.41346808251309, 39.912413096533264]
}, {
	"years": "民国",
	"name": "美国侨民学校旧址",
	"addres": "北京市东城区朝阳门街道干面胡同57号",
	"protection_class": "尚未核定为保护单位",
	"lnglat": [116.42091771006258, 39.91742718643337]
}, {
	"years": "明",
	"name": "东药王庙遗存",
	"addres": "北京市东城区东直门街道东直门北中街南口东南角",
	"protection_class": "尚未核定为保护单位",
	"lnglat": [116.42832625122105, 39.94455724577241]
}, {
	"years": "清",
	"name": "西竺禅林",
	"addres": "北京市东城区前门街道群智巷1号",
	"protection_class": "尚未核定为保护单位",
	"lnglat": [116.40468699249678, 39.89408566969901]
}, {
	"years": "清",
	"name": "庐陵会馆",
	"addres": "北京市东城区前门街道大江胡同29号",
	"protection_class": "尚未核定为保护单位",
	"lnglat": [116.4031494355265, 39.89353524849524]
}, {
	"years": "清",
	"name": "江西南安会馆",
	"addres": "北京市东城区前门街道草厂七条胡同6号",
	"protection_class": "尚未核定为保护单位",
	"lnglat": [116.40718686413342, 39.89392135424318]
}, {
	"years": "清",
	"name": "江西新建会馆",
	"addres": "北京市东城区前门街道长巷头条35号",
	"protection_class": "尚未核定为保护单位",
	"lnglat": [116.4019890396249, 39.89592693670351]
}, {
	"years": "清",
	"name": "汪芝麻胡同28号四合院",
	"addres": "北京市东城区景山街道汪芝麻胡同28号",
	"protection_class": "尚未核定为保护单位",
	"lnglat": [116.41438635331916, 39.932064357267215]
}, {
	"years": "民国",
	"name": "干面胡同甲57号建筑",
	"addres": "北京市东城区朝阳门街道干面胡同甲57号",
	"protection_class": "尚未核定为保护单位",
	"lnglat": [116.42066555375843, 39.91705811591764]
}, {
	"years": "清",
	"name": "湖北黄冈会馆",
	"addres": "北京市东城区前门街道草厂二条胡同5号",
	"protection_class": "尚未核定为保护单位",
	"lnglat": [116.40718686413342, 39.89392135424318]
}, {
	"years": "清",
	"name": "福德禅林",
	"addres": "北京市东城区前门街道罗家井胡同23号",
	"protection_class": "尚未核定为保护单位",
	"lnglat": [116.40718686413342, 39.89392135424318]
}, {
	"years": "民国",
	"name": "中国政治学会图书馆旧址",
	"addres": "北京市东城区东华门街道南池子大街71号",
	"protection_class": "尚未核定为保护单位",
	"lnglat": [116.40235618618487, 39.91196603436652]
}, {
	"years": "清",
	"name": "德悟和尚行实碑记",
	"addres": "北京市东城区东华门街道多福巷32号、44号",
	"protection_class": "尚未核定为保护单位",
	"lnglat": [116.41181251498318, 39.92295564260909]
}, {
	"years": "民国",
	"name": "广和成粮店旧址",
	"addres": "北京市东城区北新桥街道东四十一条41号",
	"protection_class": "尚未核定为保护单位",
	"lnglat": [116.42303444528092, 39.9345057843229]
}, {
	"years": "清",
	"name": "蓑衣胡同13号四合院",
	"addres": "北京市东城区交道口街道蓑衣胡同13号",
	"protection_class": "尚未核定为保护单位",
	"lnglat": [116.40171294735008, 39.93506986472085]
}, {
	"years": "民国",
	"name": "原俄国使馆官员住宅",
	"addres": "北京市东城区东华门东交民巷27号旁门",
	"protection_class": "尚未核定为保护单位",
	"lnglat": [116.40497209435142, 39.90321074377068]
}, {
	"years": "不详",
	"name": "北京市东城区春江小学",
	"addres": "北京市东城区朝阳门街道朝阳门内南水关胡同60号",
	"protection_class": "尚未核定为保护单位",
	"lnglat": [116.43399625275094, 39.91889677872454]
}, {
	"years": "清",
	"name": "广渠门内大街207号院",
	"addres": "北京市东城区崇文门外街道原广渠门内大街207号院，尚未实施迁建",
	"protection_class": "尚未核定为保护单位",
	"lnglat": [116.42741993371853, 39.89463198274091]
}, {
	"years": "新中国",
	"name": "王府井百货大楼早期建筑",
	"addres": "北京市东城区东华门街道王府井大街255号",
	"protection_class": "尚未核定为保护单位",
	"lnglat": [116.41007586812904, 39.913603152255185]
}, {
	"years": "清",
	"name": "源顺镖局",
	"addres": "北京市东城区天坛街道西半壁街13号",
	"protection_class": "尚未核定为保护单位",
	"lnglat": [116.39964227611725, 39.89092130855281]
}, {
	"years": "新中国",
	"name": "和平宾馆早期建筑",
	"addres": "北京市东城区东华门街道金鱼胡同3号",
	"protection_class": "尚未核定为保护单位",
	"lnglat": [116.41464351208222, 39.916092430118226]
}, {
	"years": "清",
	"name": "西镇江胡同29号建筑",
	"addres": "北京市东城区建国门街道西镇江胡同29号",
	"protection_class": "尚未核定为保护单位",
	"lnglat": [116.42092468006447, 39.90390518628591]
}, {
	"years": "不详",
	"name": "普度寺西巷11号宅院",
	"addres": "北京市东城区东华门街道普渡寺西巷11号",
	"protection_class": "尚未核定为保护单位",
	"lnglat": [116.40345651538874, 39.91325133016179]
}, {
	"years": "清",
	"name": "江苏粮道英檏宅意园",
	"addres": "北京市东城区东四街道东四三条43号",
	"protection_class": "尚未核定为保护单位",
	"lnglat": [116.42227421265987, 39.92676156971859]
}, {
	"years": "民国",
	"name": "协和胡同6号建筑",
	"addres": "北京市东城区建国门街道协和胡同6号",
	"protection_class": "尚未核定为保护单位",
	"lnglat": [116.42514120849555, 39.913762360558025]
}, {
	"years": "民国",
	"name": "北极阁三条22号住宅",
	"addres": "北京市东城区东华门街道北极阁三条22号",
	"protection_class": "尚未核定为保护单位",
	"lnglat": [116.42171601119921, 39.91059940738257]
}, {
	"years": "民国",
	"name": "东皇城根南街84号建筑",
	"addres": "北京市东城区东华门街道东皇城根南街84号",
	"protection_class": "尚未核定为保护单位",
	"lnglat": [116.40717981808845, 39.917878351418985]
}, {
	"years": "民国",
	"name": "西打磨厂街45号四合院",
	"addres": "北京市东城区前门街道西打磨厂街45号",
	"protection_class": "尚未核定为保护单位",
	"lnglat": [116.40940464935414, 39.89942596605983]
}, {
	"years": "清",
	"name": "京奉铁路正阳门东车站信号所旧址",
	"addres": "北京市东城区东花市街道崇文门东大街明城墙遗址公园内",
	"protection_class": "尚未核定为保护单位",
	"lnglat": [116.42786815719896, 39.90120211466542]
}, {
	"years": "清",
	"name": "太医院旧址",
	"addres": "北京市东城区交道口街道地安门东大街105、111、113、117号",
	"protection_class": "尚未核定为保护单位",
	"lnglat": [116.39928417311265, 39.93367922253891]
}, {
	"years": "民国",
	"name": "原真光剧场",
	"addres": "北京市东城区东华门街道东安门大街64号",
	"protection_class": "尚未核定为保护单位",
	"lnglat": [116.40850829934371, 39.91487972030272]
}, {
	"years": "民国",
	"name": "国子监街18～24号住宅",
	"addres": "北京市东城区安定门街道国子监街18、20、22、24号",
	"protection_class": "尚未核定为保护单位",
	"lnglat": [116.41543569837283, 39.94528465317092]
}, {
	"years": "清",
	"name": "什锦花园胡同43号四合院",
	"addres": "北京市东城区景山街道什锦花园胡同43号",
	"protection_class": "尚未核定为保护单位",
	"lnglat": [116.41263679877181, 39.93006387046472]
}, {
	"years": "清",
	"name": "贝子奕谟府遗存",
	"addres": "北京市东城区东四街道东四九条69号",
	"protection_class": "尚未核定为保护单位",
	"lnglat": [116.42424883742468, 39.933004126671264]
}, {
	"years": "民国",
	"name": "嵩祝寺西巷4～6号四合院",
	"addres": "北京市东城区景山街道嵩祝院西巷4、5、6号",
	"protection_class": "尚未核定为保护单位",
	"lnglat": [116.40314947397182, 39.92835525797049]
}, {
	"years": "不详",
	"name": "长巷三条1号近代建筑",
	"addres": "北京市东城区前门街道长巷三条1号",
	"protection_class": "尚未核定为保护单位",
	"lnglat": [116.40156294787812, 39.89856981850229]
}, {
	"years": "清",
	"name": "南吉祥胡同11号四合院",
	"addres": "北京市东城区景山街道南吉祥胡同11号",
	"protection_class": "尚未核定为保护单位",
	"lnglat": [116.41309596731392, 39.93092200294972]
}, {
	"years": "民国",
	"name": "基督教细管胡同救世军堂",
	"addres": "北京市东城区交道口街道细管胡同4号",
	"protection_class": "尚未核定为保护单位",
	"lnglat": [116.41592891444857, 39.93703179288432]
}, {
	"years": "不详",
	"name": "史家胡同23号四合院",
	"addres": "北京市东城区朝阳门街道史家胡同23号",
	"protection_class": "尚未核定为保护单位",
	"lnglat": [116.42411782073043, 39.91857708092689]
}, {
	"years": "清",
	"name": "东四十三条81号四合院",
	"addres": "北京市东城区北新桥街道东四十三条81号",
	"protection_class": "尚未核定为保护单位",
	"lnglat": [116.42027742773757, 39.93654601116457]
}, {
	"years": "清",
	"name": "什锦花园胡同14～18号四合院",
	"addres": "北京市东城区景山街道什锦花园胡同14、16、18号",
	"protection_class": "尚未核定为保护单位",
	"lnglat": [116.4156108005793, 39.92948370562392]
}, {
	"years": "清",
	"name": "府学胡同53号四合院",
	"addres": "北京市东城区交道口街道府学胡同53号",
	"protection_class": "尚未核定为保护单位",
	"lnglat": [116.41156341875197, 39.93583357027591]
}, {
	"years": "清",
	"name": "梁实秋旧居",
	"addres": "北京市东城区朝阳门街道内务部街39号",
	"protection_class": "尚未核定为保护单位",
	"lnglat": [116.41994435677537, 39.919231918245096]
}, {
	"years": "民国",
	"name": "北竹竿胡同38号四合院",
	"addres": "北京市东城区朝阳门街道北竹竿胡同38号、38号旁门",
	"protection_class": "尚未核定为保护单位",
	"lnglat": [116.4303630217756, 39.923414802184]
}, {
	"years": "清",
	"name": "东四十二条39号四合院",
	"addres": "北京市东城区北新桥街道东四十二条39号",
	"protection_class": "尚未核定为保护单位",
	"lnglat": [116.41990731859444, 39.93517991267397]
}, {
	"years": "民国",
	"name": "小江胡同1号四合院",
	"addres": "北京市东城区前门街道小江胡同1号",
	"protection_class": "尚未核定为保护单位",
	"lnglat": [116.39958029085426, 39.89516629206651]
}, {
	"years": "不详",
	"name": "长巷二条2号四合院",
	"addres": "北京市东城区前门街道长巷二条2号",
	"protection_class": "尚未核定为保护单位",
	"lnglat": [116.40142287617638, 39.89835478463622]
}]