[{
	"properties": {
		"Id": 1,
		"street": "朝阳门街道",
		"district": "东城区"
	},
	"lnglat": [116.41986001372923, 39.917412795819594]
}, {
	"properties": {
		"Id": 2,
		"street": "崇文门外街道",
		"district": "东城区"
	},
	"lnglat": [116.42405601824109, 39.89834369152976]
}, {
	"properties": {
		"Id": 3,
		"street": "前门街道",
		"district": "东城区"
	},
	"lnglat": [116.40721107217135, 39.894182364655684]
}, {
	"properties": {
		"Id": 4,
		"street": "交道口街道",
		"district": "东城区"
	},
	"lnglat": [116.41168462506005, 39.93943620992106]
}, {
	"properties": {
		"Id": 5,
		"street": "建国门街道",
		"district": "东城区"
	},
	"lnglat": [116.42950722845791, 39.91458824352854]
}, {
	"properties": {
		"Id": 6,
		"street": "建国门街道",
		"district": "东城区"
	},
	"lnglat": [116.42731372390688, 39.91495114916363]
}, {
	"properties": {
		"Id": 7,
		"street": "建国门街道",
		"district": "东城区"
	},
	"lnglat": [116.43038994289499, 39.91202222406377]
}, {
	"properties": {
		"Id": 8,
		"street": "建国门街道",
		"district": "东城区"
	},
	"lnglat": [116.42922939307887, 39.91383372214043]
}, {
	"properties": {
		"Id": 9,
		"street": "建国门街道",
		"district": "东城区"
	},
	"lnglat": [116.42870954503549, 39.91411313247998]
}, {
	"properties": {
		"Id": 10,
		"street": "建国门街道",
		"district": "东城区"
	},
	"lnglat": [116.42421368368204, 39.912167731783576]
}, {
	"properties": {
		"Id": 11,
		"street": "建国门街道",
		"district": "东城区"
	},
	"lnglat": [116.42198384796437, 39.912147280247424]
}, {
	"properties": {
		"Id": 12,
		"street": "建国门街道",
		"district": "东城区"
	},
	"lnglat": [116.42724687431651, 39.91201045887227]
}, {
	"properties": {
		"Id": 13,
		"street": "东华门街道",
		"district": "东城区"
	},
	"lnglat": [116.40832466837814, 39.914152202876906]
}, {
	"properties": {
		"Id": 14,
		"street": "景山街道",
		"district": "东城区"
	},
	"lnglat": [116.40769071171873, 39.92921760240309]
}, {
	"properties": {
		"Id": 15,
		"street": "景山街道",
		"district": "东城区"
	},
	"lnglat": [116.40922856341444, 39.929935620806255]
}]