[{
	"properties": {
		"Id": 1,
		"street_name": "朝阳门街道",
		"type": "菜市场",
		"name": ""
	},
	"lnglat": [
		[116.42600566641357, 39.9210059741935]
	]
}, {
	"properties": {
		"Id": 2,
		"street_name": "崇文门外街道",
		"type": "菜市场",
		"name": ""
	},
	"lnglat": [
		[116.41837283911717, 39.894462884882344]
	]
}, {
	"properties": {
		"Id": 3,
		"street_name": "崇文门外街道",
		"type": "菜市场",
		"name": ""
	},
	"lnglat": [
		[116.41560311065223, 39.89541055297479]
	]
}, {
	"properties": {
		"Id": 4,
		"street_name": "崇文门外街道",
		"type": "菜市场",
		"name": ""
	},
	"lnglat": [
		[116.42480218517802, 39.89847771738788]
	]
}, {
	"properties": {
		"Id": 5,
		"street_name": "崇文门外街道",
		"type": "菜市场",
		"name": ""
	},
	"lnglat": [
		[116.42478309082874, 39.89770271477661]
	]
}, {
	"properties": {
		"Id": 6,
		"street_name": "崇文门外街道",
		"type": "菜市场",
		"name": ""
	},
	"lnglat": [
		[116.4232087195961, 39.8974411911889]
	]
}, {
	"properties": {
		"Id": 7,
		"street_name": "崇文门外街道",
		"type": "菜市场",
		"name": ""
	},
	"lnglat": [
		[116.42338681852941, 39.8974410755775]
	]
}, {
	"properties": {
		"Id": 8,
		"street_name": "东花市街道",
		"type": "菜市场",
		"name": ""
	},
	"lnglat": [
		[116.43178540615634, 39.8982522406896]
	]
}, {
	"properties": {
		"Id": 9,
		"street_name": "东花市街道",
		"type": "菜市场",
		"name": ""
	},
	"lnglat": [
		[116.43125108031998, 39.89608726876948]
	]
}, {
	"properties": {
		"Id": 10,
		"street_name": "东花市街道",
		"type": "菜市场",
		"name": ""
	},
	"lnglat": [
		[116.43266307071279, 39.89418009254557]
	]
}, {
	"properties": {
		"Id": 11,
		"street_name": "东花市街道",
		"type": "菜市场",
		"name": ""
	},
	"lnglat": [
		[116.43837614491639, 39.89417327037424]
	]
}, {
	"properties": {
		"Id": 12,
		"street_name": "东花市街道",
		"type": "菜市场",
		"name": ""
	},
	"lnglat": [
		[116.44695489787665, 39.89396345065176]
	]
}, {
	"properties": {
		"Id": 13,
		"street_name": "东花市街道",
		"type": "菜市场",
		"name": ""
	},
	"lnglat": [
		[116.44883283668051, 39.89179366625345]
	]
}, {
	"properties": {
		"Id": 14,
		"street_name": "前门街道",
		"type": "菜市场",
		"name": ""
	},
	"lnglat": [
		[116.4102903657892, 39.89943534741347]
	]
}, {
	"properties": {
		"Id": 15,
		"street_name": "建国门街道",
		"type": "菜市场",
		"name": ""
	},
	"lnglat": [
		[116.4278183296863, 39.91518761618798]
	]
}, {
	"properties": {
		"Id": 16,
		"street_name": "建国门街道",
		"type": "菜市场",
		"name": ""
	},
	"lnglat": [
		[116.41998931814503, 39.9126865486002]
	]
}, {
	"properties": {
		"Id": 17,
		"street_name": "建国门街道",
		"type": "菜市场",
		"name": ""
	},
	"lnglat": [
		[116.41854199255076, 39.91157554799131]
	]
}, {
	"properties": {
		"Id": 18,
		"street_name": "建国门街道",
		"type": "菜市场",
		"name": ""
	},
	"lnglat": [
		[116.41946448464515, 39.90394913469404]
	]
}, {
	"properties": {
		"Id": 19,
		"street_name": "建国门街道",
		"type": "菜市场",
		"name": ""
	},
	"lnglat": [
		[116.41929803183979, 39.90557020527076]
	]
}, {
	"properties": {
		"Id": 20,
		"street_name": "建国门街道",
		"type": "菜市场",
		"name": ""
	},
	"lnglat": [
		[116.42117552776926, 39.905561040341844]
	]
}, {
	"properties": {
		"Id": 21,
		"street_name": "建国门街道",
		"type": "菜市场",
		"name": ""
	},
	"lnglat": [
		[116.43409461025452, 39.90352070241637]
	]
}, {
	"properties": {
		"Id": 22,
		"street_name": "建国门街道",
		"type": "菜市场",
		"name": ""
	},
	"lnglat": [
		[116.42952245719225, 39.911377435989706]
	]
}, {
	"properties": {
		"Id": 23,
		"street_name": "交道口街道",
		"type": "菜市场",
		"name": ""
	},
	"lnglat": [
		[116.4154964746934, 39.939408099428526]
	]
}, {
	"properties": {
		"Id": 24,
		"street_name": "交道口街道",
		"type": "菜市场",
		"name": ""
	},
	"lnglat": [
		[116.4149119819619, 39.938962673108904]
	]
}, {
	"properties": {
		"Id": 25,
		"street_name": "交道口街道",
		"type": "菜市场",
		"name": ""
	},
	"lnglat": [
		[116.4126070768992, 39.93711608074262]
	]
}, {
	"properties": {
		"Id": 26,
		"street_name": "交道口街道",
		"type": "菜市场",
		"name": ""
	},
	"lnglat": [
		[116.41216812111962, 39.93459410232719]
	]
}, {
	"properties": {
		"Id": 27,
		"street_name": "交道口街道",
		"type": "菜市场",
		"name": ""
	},
	"lnglat": [
		[116.41122729206444, 39.94046634212662]
	]
}, {
	"properties": {
		"Id": 28,
		"street_name": "交道口街道",
		"type": "菜市场",
		"name": ""
	},
	"lnglat": [
		[116.3998256854482, 39.939066908707176]
	]
}, {
	"properties": {
		"Id": 29,
		"street_name": "交道口街道",
		"type": "菜市场",
		"name": ""
	},
	"lnglat": [
		[116.3985941122072, 39.93710722476778]
	]
}, {
	"properties": {
		"Id": 30,
		"street_name": "交道口街道",
		"type": "菜市场",
		"name": ""
	},
	"lnglat": [
		[116.4299633411232, 39.91728415986031]
	]
}, {
	"properties": {
		"Id": 31,
		"street_name": "安定门街道",
		"type": "菜市场",
		"name": ""
	},
	"lnglat": [
		[116.4026990041632, 39.94741656993349]
	]
}, {
	"properties": {
		"Id": 32,
		"street_name": "安定门街道",
		"type": "菜市场",
		"name": ""
	},
	"lnglat": [
		[116.40287428659609, 39.9470202758618]
	]
}, {
	"properties": {
		"Id": 33,
		"street_name": "安定门街道",
		"type": "菜市场",
		"name": ""
	},
	"lnglat": [
		[116.41404918245799, 39.944006446350926]
	]
}, {
	"properties": {
		"Id": 34,
		"street_name": "安定门街道",
		"type": "菜市场",
		"name": ""
	},
	"lnglat": [
		[116.40876455187387, 39.941813291686486]
	]
}, {
	"properties": {
		"Id": 35,
		"street_name": "北新桥街道",
		"type": "菜市场",
		"name": ""
	},
	"lnglat": [
		[116.42749987934596, 39.93417856414474]
	]
}, {
	"properties": {
		"Id": 36,
		"street_name": "北新桥街道",
		"type": "菜市场",
		"name": ""
	},
	"lnglat": [
		[116.42140972074186, 39.93768440870692]
	]
}, {
	"properties": {
		"Id": 37,
		"street_name": "北新桥街道",
		"type": "菜市场",
		"name": ""
	},
	"lnglat": [
		[116.41876974355844, 39.9372264667517]
	]
}, {
	"properties": {
		"Id": 38,
		"street_name": "北新桥街道",
		"type": "菜市场",
		"name": ""
	},
	"lnglat": [
		[116.42150940432293, 39.93719227475284]
	]
}, {
	"properties": {
		"Id": 39,
		"street_name": "北新桥街道",
		"type": "菜市场",
		"name": ""
	},
	"lnglat": [
		[116.42170410120168, 39.936845884284814]
	]
}, {
	"properties": {
		"Id": 40,
		"street_name": "北新桥街道",
		"type": "菜市场",
		"name": ""
	},
	"lnglat": [
		[116.41966910190227, 39.9398916086721]
	]
}, {
	"properties": {
		"Id": 41,
		"street_name": "北新桥街道",
		"type": "菜市场",
		"name": ""
	},
	"lnglat": [
		[116.42375187807342, 39.9427486071427]
	]
}, {
	"properties": {
		"Id": 42,
		"street_name": "北新桥街道",
		"type": "菜市场",
		"name": ""
	},
	"lnglat": [
		[116.42139678046487, 39.94329448818335]
	]
}, {
	"properties": {
		"Id": 43,
		"street_name": "北新桥街道",
		"type": "菜市场",
		"name": ""
	},
	"lnglat": [
		[116.42290261558698, 39.94487218530544]
	]
}, {
	"properties": {
		"Id": 44,
		"street_name": "北新桥街道",
		"type": "菜市场",
		"name": ""
	},
	"lnglat": [
		[116.426032242415, 39.940159515973036]
	]
}, {
	"properties": {
		"Id": 45,
		"street_name": "北新桥街道",
		"type": "菜市场",
		"name": ""
	},
	"lnglat": [
		[116.42904858655038, 39.94065997363781]
	]
}, {
	"properties": {
		"Id": 46,
		"street_name": "北新桥街道",
		"type": "菜市场",
		"name": ""
	},
	"lnglat": [
		[116.43128429715831, 39.94257107776093]
	]
}, {
	"properties": {
		"Id": 47,
		"street_name": "北新桥街道",
		"type": "菜市场",
		"name": ""
	},
	"lnglat": [
		[116.43002323157721, 39.944484258556656]
	]
}, {
	"properties": {
		"Id": 48,
		"street_name": "北新桥街道",
		"type": "菜市场",
		"name": ""
	},
	"lnglat": [
		[116.42718145249897, 39.94784113623376]
	]
}, {
	"properties": {
		"Id": 49,
		"street_name": "北新桥街道",
		"type": "菜市场",
		"name": ""
	},
	"lnglat": [
		[116.42572956221998, 39.94748239339188]
	]
}, {
	"properties": {
		"Id": 50,
		"street_name": "北新桥街道",
		"type": "菜市场",
		"name": ""
	},
	"lnglat": [
		[116.4243618298542, 39.947744496465035]
	]
}, {
	"properties": {
		"Id": 51,
		"street_name": "东华门街道",
		"type": "菜市场",
		"name": ""
	},
	"lnglat": [
		[116.40923751523617, 39.9164943233474]
	]
}, {
	"properties": {
		"Id": 52,
		"street_name": "东华门街道",
		"type": "菜市场",
		"name": ""
	},
	"lnglat": [
		[116.40707608411101, 39.920930865273164]
	]
}, {
	"properties": {
		"Id": 53,
		"street_name": "景山街道",
		"type": "菜市场",
		"name": ""
	},
	"lnglat": [
		[116.41085408879817, 39.859524411421745]
	]
}, {
	"properties": {
		"Id": 54,
		"street_name": "景山街道",
		"type": "菜市场",
		"name": ""
	},
	"lnglat": [
		[116.40210010458028, 39.86527066821582]
	]
}, {
	"properties": {
		"Id": 55,
		"street_name": "景山街道",
		"type": "菜市场",
		"name": ""
	},
	"lnglat": [
		[116.39521949037339, 39.869550324131524]
	]
}, {
	"properties": {
		"Id": 56,
		"street_name": "景山街道",
		"type": "菜市场",
		"name": ""
	},
	"lnglat": [
		[116.39609303631755, 39.86348625004101]
	]
}, {
	"properties": {
		"Id": 57,
		"street_name": "景山街道",
		"type": "菜市场",
		"name": ""
	},
	"lnglat": [
		[116.41037640941353, 39.92810398414002]
	]
}, {
	"properties": {
		"Id": 58,
		"street_name": "景山街道",
		"type": "菜市场",
		"name": ""
	},
	"lnglat": [
		[116.40928805463123, 39.92864721356832]
	]
}, {
	"properties": {
		"Id": 59,
		"street_name": "景山街道",
		"type": "菜市场",
		"name": ""
	},
	"lnglat": [
		[116.41734632993894, 39.92531354109516]
	]
}, {
	"properties": {
		"Id": 60,
		"street_name": "龙潭街道",
		"type": "菜市场",
		"name": ""
	},
	"lnglat": [
		[116.4377942618925, 39.88314443039111]
	]
}, {
	"properties": {
		"Id": 61,
		"street_name": "龙潭街道",
		"type": "菜市场",
		"name": ""
	},
	"lnglat": [
		[116.43786921239592, 39.88270545332915]
	]
}, {
	"properties": {
		"Id": 62,
		"street_name": "龙潭街道",
		"type": "菜市场",
		"name": ""
	},
	"lnglat": [
		[116.43926608653922, 39.88538115438694]
	]
}, {
	"properties": {
		"Id": 63,
		"street_name": "龙潭街道",
		"type": "菜市场",
		"name": ""
	},
	"lnglat": [
		[116.43854272162486, 39.88756166234372]
	]
}, {
	"properties": {
		"Id": 64,
		"street_name": "龙潭街道",
		"type": "菜市场",
		"name": ""
	},
	"lnglat": [
		[116.4400019325713, 39.88829833834039]
	]
}, {
	"properties": {
		"Id": 65,
		"street_name": "东直门街道",
		"type": "菜市场",
		"name": ""
	},
	"lnglat": [
		[116.44044538914966, 39.933982412829224]
	]
}, {
	"properties": {
		"Id": 66,
		"street_name": "东直门街道",
		"type": "菜市场",
		"name": ""
	},
	"lnglat": [
		[116.43794971135522, 39.939055739500596]
	]
}, {
	"properties": {
		"Id": 67,
		"street_name": "东直门街道",
		"type": "菜市场",
		"name": ""
	},
	"lnglat": [
		[116.43499546283384, 39.94852280205106]
	]
}, {
	"properties": {
		"Id": 68,
		"street_name": "东四街道",
		"type": "菜市场",
		"name": ""
	},
	"lnglat": [
		[116.42665840702101, 39.9248208536226]
	]
}, {
	"properties": {
		"Id": 69,
		"street_name": "东四街道",
		"type": "菜市场",
		"name": ""
	},
	"lnglat": [
		[116.41839896937167, 39.92479311521862]
	]
}, {
	"properties": {
		"Id": 70,
		"street_name": "东四街道",
		"type": "菜市场",
		"name": ""
	},
	"lnglat": [
		[116.41908326644639, 39.92649897626889]
	]
}, {
	"properties": {
		"Id": 71,
		"street_name": "东四街道",
		"type": "菜市场",
		"name": ""
	},
	"lnglat": [
		[116.42019483686829, 39.926480211241916]
	]
}, {
	"properties": {
		"Id": 72,
		"street_name": "东四街道",
		"type": "菜市场",
		"name": ""
	},
	"lnglat": [
		[116.42556197201293, 39.92675024955279]
	]
}, {
	"properties": {
		"Id": 73,
		"street_name": "东四街道",
		"type": "菜市场",
		"name": ""
	},
	"lnglat": [
		[116.4225541272196, 39.93007358674313]
	]
}, {
	"properties": {
		"Id": 74,
		"street_name": "东四街道",
		"type": "菜市场",
		"name": ""
	},
	"lnglat": [
		[116.41799298323018, 39.93147483662445]
	]
}, {
	"properties": {
		"Id": 75,
		"street_name": "东四街道",
		"type": "菜市场",
		"name": ""
	},
	"lnglat": [
		[116.41800022891495, 39.932416236350434]
	]
}, {
	"properties": {
		"Id": 76,
		"street_name": "东四街道",
		"type": "菜市场",
		"name": ""
	},
	"lnglat": [
		[116.43185460353321, 39.926191186391556]
	]
}, {
	"properties": {
		"Id": 77,
		"street_name": "东四街道",
		"type": "菜市场",
		"name": ""
	},
	"lnglat": [
		[116.43188329657315, 39.927843515037274]
	]
}, {
	"properties": {
		"Id": 78,
		"street_name": "东四街道",
		"type": "菜市场",
		"name": ""
	},
	"lnglat": [
		[116.42818493211219, 39.92742415141012]
	]
}, {
	"properties": {
		"Id": 79,
		"street_name": "东四街道",
		"type": "菜市场",
		"name": ""
	},
	"lnglat": [
		[116.4266370545878, 39.927740782249586]
	]
}, {
	"properties": {
		"Id": 80,
		"street_name": "东四街道",
		"type": "菜市场",
		"name": ""
	},
	"lnglat": [
		[116.43189178107544, 39.92923517431137]
	]
}, {
	"properties": {
		"Id": 81,
		"street_name": "东四街道",
		"type": "菜市场",
		"name": ""
	},
	"lnglat": [
		[116.42968906778361, 39.92953627193257]
	]
}, {
	"properties": {
		"Id": 82,
		"street_name": "东四街道",
		"type": "菜市场",
		"name": ""
	},
	"lnglat": [
		[116.43230474742386, 39.929080722761725]
	]
}, {
	"properties": {
		"Id": 83,
		"street_name": "",
		"type": "超市便利店",
		"name": "盒马鲜生(百荣店)"
	},
	"lnglat": [
		[116.39690937351288, 39.859861580474714]
	]
}, {
	"properties": {
		"Id": 84,
		"street_name": "",
		"type": "超市便利店",
		"name": "傲珊便利店"
	},
	"lnglat": [
		[116.41146333987227, 39.86021952243197]
	]
}, {
	"properties": {
		"Id": 85,
		"street_name": "",
		"type": "超市便利店",
		"name": "华欣超市(管村店)"
	},
	"lnglat": [
		[116.39375635573893, 39.86367577291111]
	]
}, {
	"properties": {
		"Id": 86,
		"street_name": "",
		"type": "超市便利店",
		"name": "坤和华欣生活超市(管村店)"
	},
	"lnglat": [
		[116.3939074031909, 39.86376481151409]
	]
}, {
	"properties": {
		"Id": 87,
		"street_name": "",
		"type": "超市便利店",
		"name": "华丽百货"
	},
	"lnglat": [
		[116.39874797801471, 39.86222806168159]
	]
}, {
	"properties": {
		"Id": 88,
		"street_name": "",
		"type": "超市便利店",
		"name": "芬莉多"
	},
	"lnglat": [
		[116.39874797826911, 39.86223006179191]
	]
}, {
	"properties": {
		"Id": 89,
		"street_name": "",
		"type": "超市便利店",
		"name": "晋乡之宿莽超市"
	},
	"lnglat": [
		[116.4018000000462, 39.86338487373471]
	]
}, {
	"properties": {
		"Id": 90,
		"street_name": "",
		"type": "超市便利店",
		"name": "鲜到家"
	},
	"lnglat": [
		[116.40554127788856, 39.86189788663686]
	]
}, {
	"properties": {
		"Id": 91,
		"street_name": "",
		"type": "超市便利店",
		"name": "天天便利"
	},
	"lnglat": [
		[116.4085783304892, 39.863046722446484]
	]
}, {
	"properties": {
		"Id": 92,
		"street_name": "",
		"type": "超市便利店",
		"name": "优惠多生活超市"
	},
	"lnglat": [
		[116.41021190126379, 39.86231717539516]
	]
}, {
	"properties": {
		"Id": 93,
		"street_name": "",
		"type": "超市便利店",
		"name": "鑫利来烟酒茶超市"
	},
	"lnglat": [
		[116.41369812717417, 39.86278414762296]
	]
}, {
	"properties": {
		"Id": 94,
		"street_name": "",
		"type": "超市便利店",
		"name": "炜珊士多店"
	},
	"lnglat": [
		[116.41566982333217, 39.86366469984648]
	]
}, {
	"properties": {
		"Id": 95,
		"street_name": "",
		"type": "超市便利店",
		"name": "金源士多店"
	},
	"lnglat": [
		[116.41566982333217, 39.86366469984648]
	]
}, {
	"properties": {
		"Id": 96,
		"street_name": "",
		"type": "超市便利店",
		"name": "兴业空间生活超市"
	},
	"lnglat": [
		[116.39186776008835, 39.86483029974689]
	]
}, {
	"properties": {
		"Id": 97,
		"street_name": "",
		"type": "超市便利店",
		"name": "百乐领先"
	},
	"lnglat": [
		[116.39336423052596, 39.86444067443808]
	]
}, {
	"properties": {
		"Id": 98,
		"street_name": "",
		"type": "超市便利店",
		"name": "北京甘其食超市(永外店)"
	},
	"lnglat": [
		[116.39856591749006, 39.864942015269044]
	]
}, {
	"properties": {
		"Id": 99,
		"street_name": "",
		"type": "超市便利店",
		"name": "秋实平价超市"
	},
	"lnglat": [
		[116.4010847590312, 39.8641856829793]
	]
}, {
	"properties": {
		"Id": 100,
		"street_name": "",
		"type": "超市便利店",
		"name": "林林商店"
	},
	"lnglat": [
		[116.40448691530626, 39.8642036006565]
	]
}, {
	"properties": {
		"Id": 101,
		"street_name": "",
		"type": "超市便利店",
		"name": "姚总超市"
	},
	"lnglat": [
		[116.40448791546187, 39.86420360084377]
	]
}, {
	"properties": {
		"Id": 102,
		"street_name": "",
		"type": "超市便利店",
		"name": "保泰超市"
	},
	"lnglat": [
		[116.40467798115402, 39.86509265297985]
	]
}, {
	"properties": {
		"Id": 103,
		"street_name": "",
		"type": "超市便利店",
		"name": "顺达超市"
	},
	"lnglat": [
		[116.40467798128128, 39.865093653034094]
	]
}, {
	"properties": {
		"Id": 104,
		"street_name": "",
		"type": "超市便利店",
		"name": "中商惠民平价超市"
	},
	"lnglat": [
		[116.4055072658941, 39.864431878761856]
	]
}, {
	"properties": {
		"Id": 105,
		"street_name": "",
		"type": "超市便利店",
		"name": "超市发(天天家园店)(装修中)"
	},
	"lnglat": [
		[116.40557729057537, 39.86506689819581]
	]
}, {
	"properties": {
		"Id": 106,
		"street_name": "",
		"type": "超市便利店",
		"name": "鑫升超市(安乐林路)"
	},
	"lnglat": [
		[116.40537021883685, 39.86541584212236]
	]
}, {
	"properties": {
		"Id": 107,
		"street_name": "",
		"type": "超市便利店",
		"name": "江小白便利超市(非餐)"
	},
	"lnglat": [
		[116.40939761630229, 39.864101950367605]
	]
}, {
	"properties": {
		"Id": 108,
		"street_name": "",
		"type": "超市便利店",
		"name": "宝华里社区超市"
	},
	"lnglat": [
		[116.40939761630229, 39.864101950367605]
	]
}, {
	"properties": {
		"Id": 109,
		"street_name": "",
		"type": "超市便利店",
		"name": "温馨超市(安乐林店)"
	},
	"lnglat": [
		[116.40922455582167, 39.86507390215227]
	]
}, {
	"properties": {
		"Id": 110,
		"street_name": "",
		"type": "超市便利店",
		"name": "牛街果蔬零食超市"
	},
	"lnglat": [
		[116.41363610505573, 39.86455213077305]
	]
}, {
	"properties": {
		"Id": 111,
		"street_name": "",
		"type": "超市便利店",
		"name": "景泰马记清真超市"
	},
	"lnglat": [
		[116.41421530930474, 39.86494329339648]
	]
}, {
	"properties": {
		"Id": 112,
		"street_name": "",
		"type": "超市便利店",
		"name": "景泰马记便民超市"
	},
	"lnglat": [
		[116.41422431285271, 39.86499829521937]
	]
}, {
	"properties": {
		"Id": 113,
		"street_name": "",
		"type": "超市便利店",
		"name": "超市发(景泰店)"
	},
	"lnglat": [
		[116.41525767706437, 39.86506858445695]
	]
}, {
	"properties": {
		"Id": 114,
		"street_name": "",
		"type": "超市便利店",
		"name": "食品超市(永定门外大街辅路店)"
	},
	"lnglat": [
		[116.40048855838403, 39.86652852454094]
	]
}, {
	"properties": {
		"Id": 115,
		"street_name": "",
		"type": "超市便利店",
		"name": "曲周超市(南站幸福路)"
	},
	"lnglat": [
		[116.38465659484251, 39.868614577420146]
	]
}, {
	"properties": {
		"Id": 116,
		"street_name": "",
		"type": "超市便利店",
		"name": "华瑞超市"
	},
	"lnglat": [
		[116.38569189297527, 39.87038481643206]
	]
}, {
	"properties": {
		"Id": 117,
		"street_name": "",
		"type": "超市便利店",
		"name": "品尚超市"
	},
	"lnglat": [
		[116.38917993096051, 39.86984964304983]
	]
}, {
	"properties": {
		"Id": 118,
		"street_name": "",
		"type": "超市便利店",
		"name": "唯美易购"
	},
	"lnglat": [
		[116.38979511780177, 39.86987479214554]
	]
}, {
	"properties": {
		"Id": 119,
		"street_name": "",
		"type": "超市便利店",
		"name": "大棚超市"
	},
	"lnglat": [
		[116.39143162295211, 39.869339193402006]
	]
}, {
	"properties": {
		"Id": 120,
		"street_name": "",
		"type": "超市便利店",
		"name": "陕乡为期兮超市"
	},
	"lnglat": [
		[116.395433892481, 39.870281203285664]
	]
}, {
	"properties": {
		"Id": 121,
		"street_name": "",
		"type": "超市便利店",
		"name": "多点超市(郭庄店)"
	},
	"lnglat": [
		[116.41173043417261, 39.86878660101501]
	]
}, {
	"properties": {
		"Id": 122,
		"street_name": "",
		"type": "超市便利店",
		"name": "满园超市"
	},
	"lnglat": [
		[116.4379234885226, 39.87314278580762]
	]
}, {
	"properties": {
		"Id": 123,
		"street_name": "",
		"type": "超市便利店",
		"name": "乐家优鲜生活超市"
	},
	"lnglat": [
		[116.43924191426555, 39.87287512396405]
	]
}, {
	"properties": {
		"Id": 124,
		"street_name": "",
		"type": "超市便利店",
		"name": "平价水果超市"
	},
	"lnglat": [
		[116.40179399734477, 39.87415487652306]
	]
}, {
	"properties": {
		"Id": 125,
		"street_name": "",
		"type": "超市便利店",
		"name": "中商惠民超市(永内综合店)"
	},
	"lnglat": [
		[116.40398474255028, 39.87372246795474]
	]
}, {
	"properties": {
		"Id": 126,
		"street_name": "",
		"type": "超市便利店",
		"name": "松鼠便利(天坛东里店)"
	},
	"lnglat": [
		[116.41918106411276, 39.873630687580764]
	]
}, {
	"properties": {
		"Id": 127,
		"street_name": "",
		"type": "超市便利店",
		"name": "24小时超市"
	},
	"lnglat": [
		[116.42097469714187, 39.87387418938877]
	]
}, {
	"properties": {
		"Id": 128,
		"street_name": "",
		"type": "超市便利店",
		"name": "多点超市(东蒲桥)"
	},
	"lnglat": [
		[116.42090267203018, 39.874163169398535]
	]
}, {
	"properties": {
		"Id": 129,
		"street_name": "",
		"type": "超市便利店",
		"name": "华联生活超市(左安门店)"
	},
	"lnglat": [
		[116.43993213529072, 39.87370829942324]
	]
}, {
	"properties": {
		"Id": 130,
		"street_name": "",
		"type": "超市便利店",
		"name": "鲜到家超市(左安门店)"
	},
	"lnglat": [
		[116.44003016654676, 39.87368132504122]
	]
}, {
	"properties": {
		"Id": 131,
		"street_name": "",
		"type": "超市便利店",
		"name": "华矁生活超市"
	},
	"lnglat": [
		[116.44011619375391, 39.87390934718613]
	]
}, {
	"properties": {
		"Id": 132,
		"street_name": "",
		"type": "超市便利店",
		"name": "郭记便利店"
	},
	"lnglat": [
		[116.43943097563499, 39.875208173620294]
	]
}, {
	"properties": {
		"Id": 133,
		"street_name": "",
		"type": "超市便利店",
		"name": "智慧小屋"
	},
	"lnglat": [
		[116.40581937302585, 39.87524796820238]
	]
}, {
	"properties": {
		"Id": 134,
		"street_name": "",
		"type": "超市便利店",
		"name": "顺鑫超市(东侧路店)"
	},
	"lnglat": [
		[116.42071860699767, 39.87572211930146]
	]
}, {
	"properties": {
		"Id": 135,
		"street_name": "",
		"type": "超市便利店",
		"name": "和顺超市"
	},
	"lnglat": [
		[116.42607148385568, 39.87646660760023]
	]
}, {
	"properties": {
		"Id": 136,
		"street_name": "",
		"type": "超市便利店",
		"name": "鲜花水果超市"
	},
	"lnglat": [
		[116.40122980626151, 39.87673772543514]
	]
}, {
	"properties": {
		"Id": 137,
		"street_name": "",
		"type": "超市便利店",
		"name": "小松鼠手机便利店"
	},
	"lnglat": [
		[116.42371866342182, 39.87985095754196]
	]
}, {
	"properties": {
		"Id": 138,
		"street_name": "",
		"type": "超市便利店",
		"name": "龙潭西湖公园-食品店"
	},
	"lnglat": [
		[116.43403120757984, 39.880957769848706]
	]
}, {
	"properties": {
		"Id": 139,
		"street_name": "",
		"type": "超市便利店",
		"name": "崇菜物美超市(天东店)"
	},
	"lnglat": [
		[116.42045851662434, 39.88279504917584]
	]
}, {
	"properties": {
		"Id": 140,
		"street_name": "",
		"type": "超市便利店",
		"name": "就这家超市"
	},
	"lnglat": [
		[116.4216889504892, 39.88329339343829]
	]
}, {
	"properties": {
		"Id": 141,
		"street_name": "",
		"type": "超市便利店",
		"name": "底下超市"
	},
	"lnglat": [
		[116.42484105619788, 39.88299026986538]
	]
}, {
	"properties": {
		"Id": 142,
		"street_name": "",
		"type": "超市便利店",
		"name": "乐乐佳果蔬超市"
	},
	"lnglat": [
		[116.43801152061737, 39.88307681295484]
	]
}, {
	"properties": {
		"Id": 143,
		"street_name": "",
		"type": "超市便利店",
		"name": "慈善超市"
	},
	"lnglat": [
		[116.43969106239034, 39.883839243981555]
	]
}, {
	"properties": {
		"Id": 144,
		"street_name": "",
		"type": "超市便利店",
		"name": "北京祥瑞琳琅工艺品商店"
	},
	"lnglat": [
		[116.42061557278433, 39.886262094929755]
	]
}, {
	"properties": {
		"Id": 145,
		"street_name": "",
		"type": "超市便利店",
		"name": "天客隆超市(法华寺店)"
	},
	"lnglat": [
		[116.42462498183157, 39.8851152111085]
	]
}, {
	"properties": {
		"Id": 146,
		"street_name": "",
		"type": "超市便利店",
		"name": "慈善超市"
	},
	"lnglat": [
		[116.42474602396119, 39.88659524569887]
	]
}, {
	"properties": {
		"Id": 147,
		"street_name": "",
		"type": "超市便利店",
		"name": "好又多小卖铺"
	},
	"lnglat": [
		[116.4358478121401, 39.88580425151129]
	]
}, {
	"properties": {
		"Id": 148,
		"street_name": "",
		"type": "超市便利店",
		"name": "物美超市(光明楼店)"
	},
	"lnglat": [
		[116.43841365160712, 39.884760918248546]
	]
}, {
	"properties": {
		"Id": 149,
		"street_name": "",
		"type": "超市便利店",
		"name": "恒怡康超市"
	},
	"lnglat": [
		[116.40235318633853, 39.8876400310057]
	]
}, {
	"properties": {
		"Id": 150,
		"street_name": "",
		"type": "超市便利店",
		"name": "同乐超市(天坛路)"
	},
	"lnglat": [
		[116.4116664131173, 39.888569590574384]
	]
}, {
	"properties": {
		"Id": 151,
		"street_name": "",
		"type": "超市便利店",
		"name": "千百吉珠宝展示包装"
	},
	"lnglat": [
		[116.42133682702375, 39.886862296289536]
	]
}, {
	"properties": {
		"Id": 152,
		"street_name": "",
		"type": "超市便利店",
		"name": "何记果蔬超市"
	},
	"lnglat": [
		[116.42353059893892, 39.8875199083786]
	]
}, {
	"properties": {
		"Id": 153,
		"street_name": "",
		"type": "超市便利店",
		"name": "贵族符号生活馆"
	},
	"lnglat": [
		[116.42343256424036, 39.8879838811065]
	]
}, {
	"properties": {
		"Id": 154,
		"street_name": "",
		"type": "超市便利店",
		"name": "智慧无人超市"
	},
	"lnglat": [
		[116.42584740819724, 39.887348550711614]
	]
}, {
	"properties": {
		"Id": 155,
		"street_name": "",
		"type": "超市便利店",
		"name": "世纪华联超市"
	},
	"lnglat": [
		[116.4278130914589, 39.88723609131576]
	]
}, {
	"properties": {
		"Id": 156,
		"street_name": "",
		"type": "超市便利店",
		"name": "便民超市"
	},
	"lnglat": [
		[116.43379112865057, 39.886955708683296]
	]
}, {
	"properties": {
		"Id": 157,
		"street_name": "",
		"type": "超市便利店",
		"name": "便民国无人超市"
	},
	"lnglat": [
		[116.43608289088965, 39.88817331451568]
	]
}, {
	"properties": {
		"Id": 158,
		"street_name": "",
		"type": "超市便利店",
		"name": "家乐康超市"
	},
	"lnglat": [
		[116.43788148039398, 39.888736782799434]
	]
}, {
	"properties": {
		"Id": 159,
		"street_name": "",
		"type": "超市便利店",
		"name": "金年丰生鲜超市"
	},
	"lnglat": [
		[116.43956202286225, 39.88824821297958]
	]
}, {
	"properties": {
		"Id": 160,
		"street_name": "",
		"type": "超市便利店",
		"name": "大超市(西草市东街店)"
	},
	"lnglat": [
		[116.39946621464937, 39.889862260867964]
	]
}, {
	"properties": {
		"Id": 161,
		"street_name": "",
		"type": "超市便利店",
		"name": "京泽超市"
	},
	"lnglat": [
		[116.41040396995362, 39.88993923907034]
	]
}, {
	"properties": {
		"Id": 162,
		"street_name": "",
		"type": "超市便利店",
		"name": "懒猫社长o+o智能便利店"
	},
	"lnglat": [
		[116.40813617704839, 39.89109161125089]
	]
}, {
	"properties": {
		"Id": 163,
		"street_name": "",
		"type": "超市便利店",
		"name": "松鼠便利(磁器口店)"
	},
	"lnglat": [
		[116.41823073050176, 39.88963942781053]
	]
}, {
	"properties": {
		"Id": 164,
		"street_name": "",
		"type": "超市便利店",
		"name": "时刻便利店(培新街店)"
	},
	"lnglat": [
		[116.43113423233946, 39.891127997833614]
	]
}, {
	"properties": {
		"Id": 165,
		"street_name": "",
		"type": "超市便利店",
		"name": "多点超市(广合路店)"
	},
	"lnglat": [
		[116.4500882134957, 39.89089775536868]
	]
}, {
	"properties": {
		"Id": 166,
		"street_name": "",
		"type": "超市便利店",
		"name": "松鼠便利(广渠家园店)"
	},
	"lnglat": [
		[116.45008521305436, 39.89090175396213]
	]
}, {
	"properties": {
		"Id": 167,
		"street_name": "",
		"type": "超市便利店",
		"name": "罗森"
	},
	"lnglat": [
		[116.39852390069449, 39.89227901289181]
	]
}, {
	"properties": {
		"Id": 168,
		"street_name": "",
		"type": "超市便利店",
		"name": "靖德轩超市"
	},
	"lnglat": [
		[116.40053757239156, 39.892153545781476]
	]
}, {
	"properties": {
		"Id": 169,
		"street_name": "",
		"type": "超市便利店",
		"name": "超市发(金鱼池店)"
	},
	"lnglat": [
		[116.40780606215317, 39.89123852014975]
	]
}, {
	"properties": {
		"Id": 170,
		"street_name": "",
		"type": "超市便利店",
		"name": "金鱼池中街超市发内主食厨房"
	},
	"lnglat": [
		[116.41004084220026, 39.89151213903987]
	]
}, {
	"properties": {
		"Id": 171,
		"street_name": "",
		"type": "超市便利店",
		"name": "地铁便利"
	},
	"lnglat": [
		[116.41779257642723, 39.892525305868]
	]
}, {
	"properties": {
		"Id": 172,
		"street_name": "",
		"type": "超市便利店",
		"name": "超市(出口)"
	},
	"lnglat": [
		[116.42368465413331, 39.89302495321542]
	]
}, {
	"properties": {
		"Id": 173,
		"street_name": "",
		"type": "超市便利店",
		"name": "限e购汇智超市"
	},
	"lnglat": [
		[116.42928860088166, 39.89166649767643]
	]
}, {
	"properties": {
		"Id": 174,
		"street_name": "",
		"type": "超市便利店",
		"name": "一家店(幸福家园宇杰万物店)"
	},
	"lnglat": [
		[116.42893848082286, 39.89200040227426]
	]
}, {
	"properties": {
		"Id": 175,
		"street_name": "",
		"type": "超市便利店",
		"name": "宇杰万物超市"
	},
	"lnglat": [
		[116.4289004671423, 39.89205539115213]
	]
}, {
	"properties": {
		"Id": 176,
		"street_name": "",
		"type": "超市便利店",
		"name": "幸福彩虹社区特工店超市"
	},
	"lnglat": [
		[116.42897749389581, 39.892131412175345]
	]
}, {
	"properties": {
		"Id": 177,
		"street_name": "",
		"type": "超市便利店",
		"name": "家乐氏"
	},
	"lnglat": [
		[116.42877342413333, 39.89296435694044]
	]
}, {
	"properties": {
		"Id": 178,
		"street_name": "",
		"type": "超市便利店",
		"name": "爱便利连锁超市(广渠门店)"
	},
	"lnglat": [
		[116.43057804302728, 39.89236384787612]
	]
}, {
	"properties": {
		"Id": 179,
		"street_name": "",
		"type": "超市便利店",
		"name": "李广果蔬生鲜超市(暂停营业)"
	},
	"lnglat": [
		[116.43563974628647, 39.89161320007233]
	]
}, {
	"properties": {
		"Id": 180,
		"street_name": "",
		"type": "超市便利店",
		"name": "爱鲜蜂(安化北里店)"
	},
	"lnglat": [
		[116.4347484502902, 39.893306965492144]
	]
}, {
	"properties": {
		"Id": 181,
		"street_name": "",
		"type": "超市便利店",
		"name": "MeetYou"
	},
	"lnglat": [
		[116.43491750681157, 39.8933100097997]
	]
}, {
	"properties": {
		"Id": 182,
		"street_name": "",
		"type": "超市便利店",
		"name": "客易得"
	},
	"lnglat": [
		[116.44127656947445, 39.892834648574535]
	]
}, {
	"properties": {
		"Id": 183,
		"street_name": "",
		"type": "超市便利店",
		"name": "华照生活超市"
	},
	"lnglat": [
		[116.44878384077282, 39.892400458232814]
	]
}, {
	"properties": {
		"Id": 184,
		"street_name": "",
		"type": "超市便利店",
		"name": "悦惠超市"
	},
	"lnglat": [
		[116.44890787699171, 39.89244848615825]
	]
}, {
	"properties": {
		"Id": 185,
		"street_name": "",
		"type": "超市便利店",
		"name": "月惠生活超市"
	},
	"lnglat": [
		[116.44880084577956, 39.89252546235569]
	]
}, {
	"properties": {
		"Id": 186,
		"street_name": "",
		"type": "超市便利店",
		"name": "好收成便利店(名敦道店)"
	},
	"lnglat": [
		[116.44787457721722, 39.89324124727672]
	]
}, {
	"properties": {
		"Id": 187,
		"street_name": "",
		"type": "超市便利店",
		"name": "海润永利超市"
	},
	"lnglat": [
		[116.41478951451033, 39.89544846533548]
	]
}, {
	"properties": {
		"Id": 188,
		"street_name": "",
		"type": "超市便利店",
		"name": "多点超市(磁器口店)"
	},
	"lnglat": [
		[116.41919507228955, 39.89441969994328]
	]
}, {
	"properties": {
		"Id": 189,
		"street_name": "",
		"type": "超市便利店",
		"name": "新发地超市"
	},
	"lnglat": [
		[116.4212337916931, 39.894347270013284]
	]
}, {
	"properties": {
		"Id": 190,
		"street_name": "",
		"type": "超市便利店",
		"name": "多点超市(广渠门西店)"
	},
	"lnglat": [
		[116.42281234784558, 39.8935717110639]
	]
}, {
	"properties": {
		"Id": 191,
		"street_name": "",
		"type": "超市便利店",
		"name": "家乐福(广渠门店)"
	},
	"lnglat": [
		[116.43322494106275, 39.894141560636555]
	]
}, {
	"properties": {
		"Id": 192,
		"street_name": "",
		"type": "超市便利店",
		"name": "松鼠便利(富贵园店)"
	},
	"lnglat": [
		[116.43384114763585, 39.89495572526731]
	]
}, {
	"properties": {
		"Id": 193,
		"street_name": "",
		"type": "超市便利店",
		"name": "果蔬调料超市"
	},
	"lnglat": [
		[116.43772443086634, 39.89424174490733]
	]
}, {
	"properties": {
		"Id": 194,
		"street_name": "",
		"type": "超市便利店",
		"name": "绿爸爸超市(广渠门内大街店)"
	},
	"lnglat": [
		[116.43772543128536, 39.894242744663224]
	]
}, {
	"properties": {
		"Id": 195,
		"street_name": "",
		"type": "超市便利店",
		"name": "世纪华联超市(东花市店)"
	},
	"lnglat": [
		[116.43865873391445, 39.89407798503369]
	]
}, {
	"properties": {
		"Id": 196,
		"street_name": "",
		"type": "超市便利店",
		"name": "物美超市(崇文门店)"
	},
	"lnglat": [
		[116.44645815918608, 39.89403991446547]
	]
}, {
	"properties": {
		"Id": 197,
		"street_name": "",
		"type": "超市便利店",
		"name": "崇菜购物"
	},
	"lnglat": [
		[116.44674724543893, 39.89399498379209]
	]
}, {
	"properties": {
		"Id": 198,
		"street_name": "",
		"type": "超市便利店",
		"name": "东北小烧专营高粱散装酒绍兴黄酒"
	},
	"lnglat": [
		[116.44644615640263, 39.894662912394665]
	]
}, {
	"properties": {
		"Id": 199,
		"street_name": "",
		"type": "超市便利店",
		"name": "馨馨便民超市"
	},
	"lnglat": [
		[116.44567092438092, 39.89490372822139]
	]
}, {
	"properties": {
		"Id": 200,
		"street_name": "",
		"type": "超市便利店",
		"name": "超市发超市(广渠门店)"
	},
	"lnglat": [
		[116.44567492604028, 39.895337728881906]
	]
}, {
	"properties": {
		"Id": 201,
		"street_name": "",
		"type": "超市便利店",
		"name": "首农生鲜便利"
	},
	"lnglat": [
		[116.41342503263469, 39.896967084167905]
	]
}, {
	"properties": {
		"Id": 202,
		"street_name": "",
		"type": "超市便利店",
		"name": "广缘果蔬生活超市(崇文门店)"
	},
	"lnglat": [
		[116.41528168928363, 39.89647760353505]
	]
}, {
	"properties": {
		"Id": 203,
		"street_name": "",
		"type": "超市便利店",
		"name": "百佳便民生活超市"
	},
	"lnglat": [
		[116.41460444929538, 39.89736141470654]
	]
}, {
	"properties": {
		"Id": 204,
		"street_name": "",
		"type": "超市便利店",
		"name": "笑谦商店"
	},
	"lnglat": [
		[116.41469948283657, 39.897481441531426]
	]
}, {
	"properties": {
		"Id": 205,
		"street_name": "",
		"type": "超市便利店",
		"name": "成安县漳河店镇小杰日用品商店"
	},
	"lnglat": [
		[116.41757449919582, 39.896537246355834]
	]
}, {
	"properties": {
		"Id": 206,
		"street_name": "",
		"type": "超市便利店",
		"name": "屈臣氏(新世界百货崇文店青春馆)"
	},
	"lnglat": [
		[116.41751447808667, 39.89687123007538]
	]
}, {
	"properties": {
		"Id": 207,
		"street_name": "",
		"type": "超市便利店",
		"name": "屈臣氏(崇文门一分店)"
	},
	"lnglat": [
		[116.4191130441136, 39.89651767779328]
	]
}, {
	"properties": {
		"Id": 208,
		"street_name": "",
		"type": "超市便利店",
		"name": "伟微宏超市"
	},
	"lnglat": [
		[116.41781858614011, 39.8976403151968]
	]
}, {
	"properties": {
		"Id": 209,
		"street_name": "",
		"type": "超市便利店",
		"name": "勤家连锁便利"
	},
	"lnglat": [
		[116.42288237213671, 39.89600773102204]
	]
}, {
	"properties": {
		"Id": 210,
		"street_name": "",
		"type": "超市便利店",
		"name": "顺天府超市(花市店)"
	},
	"lnglat": [
		[116.42292938896094, 39.89699674484278]
	]
}, {
	"properties": {
		"Id": 211,
		"street_name": "",
		"type": "超市便利店",
		"name": "全家爱超市(国瑞城店)"
	},
	"lnglat": [
		[116.42239019944684, 39.89702159444893]
	]
}, {
	"properties": {
		"Id": 212,
		"street_name": "",
		"type": "超市便利店",
		"name": "物美便利店(国瑞城店)"
	},
	"lnglat": [
		[116.42179298947818, 39.89737442776275]
	]
}, {
	"properties": {
		"Id": 213,
		"street_name": "",
		"type": "超市便利店",
		"name": "全家爱超市(东花市大街)"
	},
	"lnglat": [
		[116.42617952609488, 39.89722064617663]
	]
}, {
	"properties": {
		"Id": 214,
		"street_name": "",
		"type": "超市便利店",
		"name": "晋乡芳菲菲超市"
	},
	"lnglat": [
		[116.42791712910582, 39.89596612389862]
	]
}, {
	"properties": {
		"Id": 215,
		"street_name": "",
		"type": "超市便利店",
		"name": "7点半超级市场"
	},
	"lnglat": [
		[116.43573177791728, 39.89560722611475]
	]
}, {
	"properties": {
		"Id": 216,
		"street_name": "",
		"type": "超市便利店",
		"name": "贴心市集"
	},
	"lnglat": [
		[116.43609189647404, 39.89567632003687]
	]
}, {
	"properties": {
		"Id": 217,
		"street_name": "",
		"type": "超市便利店",
		"name": "京隆超市"
	},
	"lnglat": [
		[116.43609189621979, 39.89567431994463]
	]
}, {
	"properties": {
		"Id": 218,
		"street_name": "",
		"type": "超市便利店",
		"name": "永辉生活"
	},
	"lnglat": [
		[116.43577079114664, 39.897379236814274]
	]
}, {
	"properties": {
		"Id": 219,
		"street_name": "",
		"type": "超市便利店",
		"name": "日日顺乐家"
	},
	"lnglat": [
		[116.4420468125667, 39.896122843531195]
	]
}, {
	"properties": {
		"Id": 220,
		"street_name": "",
		"type": "超市便利店",
		"name": "仁合水果超市"
	},
	"lnglat": [
		[116.44227288412561, 39.897312899987874]
	]
}, {
	"properties": {
		"Id": 221,
		"street_name": "",
		"type": "超市便利店",
		"name": "世纪华联超市(忠实里店)"
	},
	"lnglat": [
		[116.44491969875492, 39.897742548209585]
	]
}, {
	"properties": {
		"Id": 222,
		"street_name": "",
		"type": "超市便利店",
		"name": "华联超市"
	},
	"lnglat": [
		[116.40009242286334, 39.899542428688534]
	]
}, {
	"properties": {
		"Id": 223,
		"street_name": "",
		"type": "超市便利店",
		"name": "北集便利"
	},
	"lnglat": [
		[116.40011843104405, 39.89966843608491]
	]
}, {
	"properties": {
		"Id": 224,
		"street_name": "",
		"type": "超市便利店",
		"name": "北京布鞋北京烤鸭百货超市"
	},
	"lnglat": [
		[116.40250123517306, 39.90006407418347]
	]
}, {
	"properties": {
		"Id": 225,
		"street_name": "",
		"type": "超市便利店",
		"name": "华联超市(西打磨厂店)"
	},
	"lnglat": [
		[116.41027292386762, 39.89940420551847]
	]
}, {
	"properties": {
		"Id": 226,
		"street_name": "",
		"type": "超市便利店",
		"name": "盒马鲜生(崇文门店)"
	},
	"lnglat": [
		[116.41415629111094, 39.89950229011264]
	]
}, {
	"properties": {
		"Id": 227,
		"street_name": "",
		"type": "超市便利店",
		"name": "果鲜美"
	},
	"lnglat": [
		[116.41580387403343, 39.899207750864996]
	]
}, {
	"properties": {
		"Id": 228,
		"street_name": "",
		"type": "超市便利店",
		"name": "密瓜便利(学院路店)"
	},
	"lnglat": [
		[116.41757550069758, 39.89808324778435]
	]
}, {
	"properties": {
		"Id": 229,
		"street_name": "",
		"type": "超市便利店",
		"name": "h+优品(新世界百货店)"
	},
	"lnglat": [
		[116.41764452485886, 39.898035266506426]
	]
}, {
	"properties": {
		"Id": 230,
		"street_name": "",
		"type": "超市便利店",
		"name": "新世界超市"
	},
	"lnglat": [
		[116.41775756451494, 39.89784929818776]
	]
}, {
	"properties": {
		"Id": 231,
		"street_name": "",
		"type": "超市便利店",
		"name": "真好超市"
	},
	"lnglat": [
		[116.41820372250753, 39.89830542347414]
	]
}, {
	"properties": {
		"Id": 232,
		"street_name": "",
		"type": "超市便利店",
		"name": "POP MART泡泡玛特(国瑞购物中心店)"
	},
	"lnglat": [
		[116.4192751009394, 39.89835872393109]
	]
}, {
	"properties": {
		"Id": 233,
		"street_name": "",
		"type": "超市便利店",
		"name": "屈臣氏(国瑞购物中心)"
	},
	"lnglat": [
		[116.41927310097415, 39.898638723626355]
	]
}, {
	"properties": {
		"Id": 234,
		"street_name": "",
		"type": "超市便利店",
		"name": "泡泡玛特"
	},
	"lnglat": [
		[116.41961021930555, 39.89886981801457]
	]
}, {
	"properties": {
		"Id": 235,
		"street_name": "",
		"type": "超市便利店",
		"name": "在楼下(国瑞城店)"
	},
	"lnglat": [
		[116.41931911645393, 39.89893973677135]
	]
}, {
	"properties": {
		"Id": 236,
		"street_name": "",
		"type": "超市便利店",
		"name": "新鲜便利在楼下"
	},
	"lnglat": [
		[116.42284536047534, 39.89832972183988]
	]
}, {
	"properties": {
		"Id": 237,
		"street_name": "",
		"type": "超市便利店",
		"name": "物美超市(崇文门店)"
	},
	"lnglat": [
		[116.42115276452077, 39.899232249349666]
	]
}, {
	"properties": {
		"Id": 238,
		"street_name": "",
		"type": "超市便利店",
		"name": "家家乐果蔬店"
	},
	"lnglat": [
		[116.43106320944162, 39.89673998148567]
	]
}, {
	"properties": {
		"Id": 239,
		"street_name": "",
		"type": "超市便利店",
		"name": "旺福佳美超市"
	},
	"lnglat": [
		[116.43871275376911, 39.89879900089614]
	]
}, {
	"properties": {
		"Id": 240,
		"street_name": "",
		"type": "超市便利店",
		"name": "佳合宾馆小卖部"
	},
	"lnglat": [
		[116.40307443017441, 39.90008922936189]
	]
}, {
	"properties": {
		"Id": 241,
		"street_name": "",
		"type": "超市便利店",
		"name": "平价超市"
	},
	"lnglat": [
		[116.40417080499046, 39.90016552590395]
	]
}, {
	"properties": {
		"Id": 242,
		"street_name": "",
		"type": "超市便利店",
		"name": "北京世纪博爱汉之生超市"
	},
	"lnglat": [
		[116.40726187284642, 39.90186437284497]
	]
}, {
	"properties": {
		"Id": 243,
		"street_name": "",
		"type": "超市便利店",
		"name": "大方百货商店"
	},
	"lnglat": [
		[116.41153736865876, 39.9004575579798]
	]
}, {
	"properties": {
		"Id": 244,
		"street_name": "",
		"type": "超市便利店",
		"name": "蓉城苏粪壤超市"
	},
	"lnglat": [
		[116.4409684753404, 39.900539575031814]
	]
}, {
	"properties": {
		"Id": 245,
		"street_name": "",
		"type": "超市便利店",
		"name": "船板便民店"
	},
	"lnglat": [
		[116.4205525532831, 39.903582083424716]
	]
}, {
	"properties": {
		"Id": 246,
		"street_name": "",
		"type": "超市便利店",
		"name": "便民生活超市"
	},
	"lnglat": [
		[116.41928610607914, 39.90387672837519]
	]
}, {
	"properties": {
		"Id": 247,
		"street_name": "",
		"type": "超市便利店",
		"name": "全时汇开心平价超市"
	},
	"lnglat": [
		[116.4236016268291, 39.90452893456582]
	]
}, {
	"properties": {
		"Id": 248,
		"street_name": "",
		"type": "超市便利店",
		"name": "华联超市(北京站)"
	},
	"lnglat": [
		[116.42708784394712, 39.90302689903003]
	]
}, {
	"properties": {
		"Id": 249,
		"street_name": "",
		"type": "超市便利店",
		"name": "华联超市&寄存处(北京站)"
	},
	"lnglat": [
		[116.42548428523831, 39.90387845688813]
	]
}, {
	"properties": {
		"Id": 250,
		"street_name": "",
		"type": "超市便利店",
		"name": "便利超市(北京站)"
	},
	"lnglat": [
		[116.42711685331116, 39.90311890634247]
	]
}, {
	"properties": {
		"Id": 251,
		"street_name": "",
		"type": "超市便利店",
		"name": "超市(北京站)"
	},
	"lnglat": [
		[116.42681474884624, 39.90350982382878]
	]
}, {
	"properties": {
		"Id": 252,
		"street_name": "",
		"type": "超市便利店",
		"name": "相伴旅途西点屋(北京站)"
	},
	"lnglat": [
		[116.42706483568654, 39.90337289234617]
	]
}, {
	"properties": {
		"Id": 253,
		"street_name": "",
		"type": "超市便利店",
		"name": "满和超市(毛家湾胡同)"
	},
	"lnglat": [
		[116.43062406139416, 39.903742865588214]
	]
}, {
	"properties": {
		"Id": 254,
		"street_name": "",
		"type": "超市便利店",
		"name": "家乐超市"
	},
	"lnglat": [
		[116.4317774546646, 39.90314417607094]
	]
}, {
	"properties": {
		"Id": 255,
		"street_name": "",
		"type": "超市便利店",
		"name": "江小白超市"
	},
	"lnglat": [
		[116.41547775860343, 39.90524166135602]
	]
}, {
	"properties": {
		"Id": 256,
		"street_name": "",
		"type": "超市便利店",
		"name": "内蒙古大厦市场"
	},
	"lnglat": [
		[116.41908903603638, 39.90566367397081]
	]
}, {
	"properties": {
		"Id": 257,
		"street_name": "",
		"type": "超市便利店",
		"name": "世纪华联超市(北京站中街店)"
	},
	"lnglat": [
		[116.42528021427754, 39.90550440073354]
	]
}, {
	"properties": {
		"Id": 258,
		"street_name": "",
		"type": "超市便利店",
		"name": "凯信超市(恒基商城)"
	},
	"lnglat": [
		[116.42796814931326, 39.905527141174225]
	]
}, {
	"properties": {
		"Id": 259,
		"street_name": "",
		"type": "超市便利店",
		"name": "彰德府超市(恒基中心店)"
	},
	"lnglat": [
		[116.42855835289117, 39.90555730350283]
	]
}, {
	"properties": {
		"Id": 260,
		"street_name": "",
		"type": "超市便利店",
		"name": "恒运拓隆商社"
	},
	"lnglat": [
		[116.43098418525592, 39.90532696290178]
	]
}, {
	"properties": {
		"Id": 261,
		"street_name": "",
		"type": "超市便利店",
		"name": "世纪华联超市"
	},
	"lnglat": [
		[116.43111923117655, 39.905348000171955]
	]
}, {
	"properties": {
		"Id": 262,
		"street_name": "",
		"type": "超市便利店",
		"name": "邻里"
	},
	"lnglat": [
		[116.43117424977142, 39.9053600146096]
	]
}, {
	"properties": {
		"Id": 263,
		"street_name": "",
		"type": "超市便利店",
		"name": "多点超市(建国门南店)"
	},
	"lnglat": [
		[116.43539567027732, 39.90605114151803]
	]
}, {
	"properties": {
		"Id": 264,
		"street_name": "",
		"type": "超市便利店",
		"name": "easyond一指遥高端进口超市(王府井新天地店)"
	},
	"lnglat": [
		[116.41670519320085, 39.90910100699942]
	]
}, {
	"properties": {
		"Id": 265,
		"street_name": "",
		"type": "超市便利店",
		"name": "EASYOND(东方新天地)"
	},
	"lnglat": [
		[116.41596993310262, 39.90911580004372]
	]
}, {
	"properties": {
		"Id": 266,
		"street_name": "",
		"type": "超市便利店",
		"name": "亿邻便利店"
	},
	"lnglat": [
		[116.42168295240394, 39.907584399979555]
	]
}, {
	"properties": {
		"Id": 267,
		"street_name": "",
		"type": "超市便利店",
		"name": "多点超市(英大国际店)"
	},
	"lnglat": [
		[116.42372567048913, 39.9070919692727]
	]
}, {
	"properties": {
		"Id": 268,
		"street_name": "",
		"type": "超市便利店",
		"name": "LAWS0N"
	},
	"lnglat": [
		[116.42989381304623, 39.90710666800883]
	]
}, {
	"properties": {
		"Id": 269,
		"street_name": "",
		"type": "超市便利店",
		"name": "物廉超市"
	},
	"lnglat": [
		[116.4030414184828, 39.91040822198293]
	]
}, {
	"properties": {
		"Id": 270,
		"street_name": "",
		"type": "超市便利店",
		"name": "便民超市"
	},
	"lnglat": [
		[116.407001782573, 39.91000530359077]
	]
}, {
	"properties": {
		"Id": 271,
		"street_name": "",
		"type": "超市便利店",
		"name": "物美超市(王府井店)"
	},
	"lnglat": [
		[116.41078710506109, 39.90951335192573]
	]
}, {
	"properties": {
		"Id": 272,
		"street_name": "",
		"type": "超市便利店",
		"name": "中国好食品"
	},
	"lnglat": [
		[116.41076709811338, 39.9103543461571]
	]
}, {
	"properties": {
		"Id": 273,
		"street_name": "",
		"type": "超市便利店",
		"name": "一指摇高端进口超市"
	},
	"lnglat": [
		[116.41459244612233, 39.90942341473818]
	]
}, {
	"properties": {
		"Id": 274,
		"street_name": "",
		"type": "超市便利店",
		"name": "一指瑶超市"
	},
	"lnglat": [
		[116.41459244612233, 39.90942341473818]
	]
}, {
	"properties": {
		"Id": 275,
		"street_name": "",
		"type": "超市便利店",
		"name": "北京协和医院熟食小卖部"
	},
	"lnglat": [
		[116.4160619659082, 39.91105582673234]
	]
}, {
	"properties": {
		"Id": 276,
		"street_name": "",
		"type": "超市便利店",
		"name": "溢海源老山食品闪送超市"
	},
	"lnglat": [
		[116.42938563821023, 39.907187529297495]
	]
}, {
	"properties": {
		"Id": 277,
		"street_name": "",
		"type": "超市便利店",
		"name": "家乐福(王府中环)"
	},
	"lnglat": [
		[116.40871137748371, 39.91256877620009]
	]
}, {
	"properties": {
		"Id": 278,
		"street_name": "",
		"type": "超市便利店",
		"name": "万宁(王府中环)"
	},
	"lnglat": [
		[116.40968571819809, 39.91228904633879]
	]
}, {
	"properties": {
		"Id": 279,
		"street_name": "",
		"type": "超市便利店",
		"name": "国货供销社(好友世界商场店)"
	},
	"lnglat": [
		[116.4110692041982, 39.91183543099773]
	]
}, {
	"properties": {
		"Id": 280,
		"street_name": "",
		"type": "超市便利店",
		"name": "新华联超市"
	},
	"lnglat": [
		[116.41245169080322, 39.91198781612138]
	]
}, {
	"properties": {
		"Id": 281,
		"street_name": "",
		"type": "超市便利店",
		"name": "帅府园超市"
	},
	"lnglat": [
		[116.41260874594506, 39.91195185970057]
	]
}, {
	"properties": {
		"Id": 282,
		"street_name": "",
		"type": "超市便利店",
		"name": "云猴精选(步步高王府店)"
	},
	"lnglat": [
		[116.411617396512, 39.91304958379893]
	]
}, {
	"properties": {
		"Id": 283,
		"street_name": "",
		"type": "超市便利店",
		"name": "香港美心月饼荣华大班冰皮"
	},
	"lnglat": [
		[116.41036095526088, 39.913426233945415]
	]
}, {
	"properties": {
		"Id": 284,
		"street_name": "",
		"type": "超市便利店",
		"name": "旺旺门店"
	},
	"lnglat": [
		[116.41052501262187, 39.913516278968025]
	]
}, {
	"properties": {
		"Id": 285,
		"street_name": "",
		"type": "超市便利店",
		"name": "绿商店"
	},
	"lnglat": [
		[116.41773255726143, 39.91157429525916]
	]
}, {
	"properties": {
		"Id": 286,
		"street_name": "",
		"type": "超市便利店",
		"name": "便民生活超市"
	},
	"lnglat": [
		[116.41822673205272, 39.91144543357961]
	]
}, {
	"properties": {
		"Id": 287,
		"street_name": "",
		"type": "超市便利店",
		"name": "菲创精品超市"
	},
	"lnglat": [
		[116.41824673989329, 39.912888440327706]
	]
}, {
	"properties": {
		"Id": 288,
		"street_name": "",
		"type": "超市便利店",
		"name": "世纪家家福超市(东总布胡同)"
	},
	"lnglat": [
		[116.42784810959414, 39.912287111308906]
	]
}, {
	"properties": {
		"Id": 289,
		"street_name": "",
		"type": "超市便利店",
		"name": "立伟廉美超市"
	},
	"lnglat": [
		[116.40259526641935, 39.91537110226306]
	]
}, {
	"properties": {
		"Id": 290,
		"street_name": "",
		"type": "超市便利店",
		"name": "中商惠民超市(华美天润店)"
	},
	"lnglat": [
		[116.40654962541447, 39.91376217923319]
	]
}, {
	"properties": {
		"Id": 291,
		"street_name": "",
		"type": "超市便利店",
		"name": "华美天润超市(南沿河大街店)"
	},
	"lnglat": [
		[116.40654762438706, 39.91378617906203]
	]
}, {
	"properties": {
		"Id": 292,
		"street_name": "",
		"type": "超市便利店",
		"name": "乐购"
	},
	"lnglat": [
		[116.40477201095716, 39.91503769314075]
	]
}, {
	"properties": {
		"Id": 293,
		"street_name": "",
		"type": "超市便利店",
		"name": "屈臣氏(北京市百货大楼)"
	},
	"lnglat": [
		[116.40970072357415, 39.91384405043339]
	]
}, {
	"properties": {
		"Id": 294,
		"street_name": "",
		"type": "超市便利店",
		"name": "北京特产平价超市(王府井总店)"
	},
	"lnglat": [
		[116.40915953468756, 39.91486990007562]
	]
}, {
	"properties": {
		"Id": 295,
		"street_name": "",
		"type": "超市便利店",
		"name": "王府井天润科技"
	},
	"lnglat": [
		[116.4100748545171, 39.91359715405519]
	]
}, {
	"properties": {
		"Id": 296,
		"street_name": "",
		"type": "超市便利店",
		"name": "泡泡玛特机器人商店(王府井百货店)"
	},
	"lnglat": [
		[116.41011987047877, 39.91376816681278]
	]
}, {
	"properties": {
		"Id": 297,
		"street_name": "",
		"type": "超市便利店",
		"name": "精品超市(北京市百货大楼)"
	},
	"lnglat": [
		[116.41074709112634, 39.91389234114549]
	]
}, {
	"properties": {
		"Id": 298,
		"street_name": "",
		"type": "超市便利店",
		"name": "王府井百货超市"
	},
	"lnglat": [
		[116.41069507315962, 39.91396532665751]
	]
}, {
	"properties": {
		"Id": 299,
		"street_name": "",
		"type": "超市便利店",
		"name": "王府井世纪华联超市"
	},
	"lnglat": [
		[116.41052801429147, 39.915211281096866]
	]
}, {
	"properties": {
		"Id": 300,
		"street_name": "",
		"type": "超市便利店",
		"name": "全家便利店(澳门中心店)"
	},
	"lnglat": [
		[116.41337101541913, 39.914640073762996]
	]
}, {
	"properties": {
		"Id": 301,
		"street_name": "",
		"type": "超市便利店",
		"name": "屈臣氏(北京apm)"
	},
	"lnglat": [
		[116.41254272328311, 39.91533184241551]
	]
}, {
	"properties": {
		"Id": 302,
		"street_name": "",
		"type": "超市便利店",
		"name": "万宁超市(北京apm)"
	},
	"lnglat": [
		[116.41190649930854, 39.91531266474208]
	]
}, {
	"properties": {
		"Id": 303,
		"street_name": "",
		"type": "超市便利店",
		"name": "隆兴精品超市(东单店)"
	},
	"lnglat": [
		[116.41807167752246, 39.914271391611315]
	]
}, {
	"properties": {
		"Id": 304,
		"street_name": "",
		"type": "超市便利店",
		"name": "美又美超市"
	},
	"lnglat": [
		[116.4271718757265, 39.914184926050716]
	]
}, {
	"properties": {
		"Id": 305,
		"street_name": "",
		"type": "超市便利店",
		"name": "仕雅烟酒城"
	},
	"lnglat": [
		[116.42707884356263, 39.915187900349245]
	]
}, {
	"properties": {
		"Id": 306,
		"street_name": "",
		"type": "超市便利店",
		"name": "物美超市"
	},
	"lnglat": [
		[116.43350204046088, 39.9139836425273]
	]
}, {
	"properties": {
		"Id": 307,
		"street_name": "",
		"type": "超市便利店",
		"name": "物美超市(金宝街店)"
	},
	"lnglat": [
		[116.43419827342646, 39.9140128283069]
	]
}, {
	"properties": {
		"Id": 308,
		"street_name": "",
		"type": "超市便利店",
		"name": "福州夕归次超市"
	},
	"lnglat": [
		[116.40952066099817, 39.91581900096399]
	]
}, {
	"properties": {
		"Id": 309,
		"street_name": "",
		"type": "超市便利店",
		"name": "LAWSON"
	},
	"lnglat": [
		[116.41190749931722, 39.91614566500259]
	]
}, {
	"properties": {
		"Id": 310,
		"street_name": "",
		"type": "超市便利店",
		"name": "世纪华联超市(灯市口一店)(装修中)"
	},
	"lnglat": [
		[116.4173544243105, 39.91692719034253]
	]
}, {
	"properties": {
		"Id": 311,
		"street_name": "",
		"type": "超市便利店",
		"name": "蓉城修以超市"
	},
	"lnglat": [
		[116.41717436100774, 39.91813114007408]
	]
}, {
	"properties": {
		"Id": 312,
		"street_name": "",
		"type": "超市便利店",
		"name": "华联长山兴"
	},
	"lnglat": [
		[116.42001136373128, 39.91610893479008]
	]
}, {
	"properties": {
		"Id": 313,
		"street_name": "",
		"type": "超市便利店",
		"name": "消防老兵超市"
	},
	"lnglat": [
		[116.42386872240988, 39.9158630124345]
	]
}, {
	"properties": {
		"Id": 314,
		"street_name": "",
		"type": "超市便利店",
		"name": "大众超市"
	},
	"lnglat": [
		[116.42388872984229, 39.91604401762538]
	]
}, {
	"properties": {
		"Id": 315,
		"street_name": "",
		"type": "超市便利店",
		"name": "金路宝超市"
	},
	"lnglat": [
		[116.42689778078264, 39.91729985076775]
	]
}, {
	"properties": {
		"Id": 316,
		"street_name": "",
		"type": "超市便利店",
		"name": "悠惠万家(骑河楼店)"
	},
	"lnglat": [
		[116.4039757380562, 39.91987847719828]
	]
}, {
	"properties": {
		"Id": 317,
		"street_name": "",
		"type": "超市便利店",
		"name": "首农商业连锁灯市口店"
	},
	"lnglat": [
		[116.407715029806, 39.918314501615235]
	]
}, {
	"properties": {
		"Id": 318,
		"street_name": "",
		"type": "超市便利店",
		"name": "大量批发处理品牌太阳镜"
	},
	"lnglat": [
		[116.41043598227851, 39.918386255293804]
	]
}, {
	"properties": {
		"Id": 319,
		"street_name": "",
		"type": "超市便利店",
		"name": "大商超市"
	},
	"lnglat": [
		[116.41437136940698, 39.918879354740085]
	]
}, {
	"properties": {
		"Id": 320,
		"street_name": "",
		"type": "超市便利店",
		"name": "北京嘉和荣商贸"
	},
	"lnglat": [
		[116.41473349699426, 39.91891245679872]
	]
}, {
	"properties": {
		"Id": 321,
		"street_name": "",
		"type": "超市便利店",
		"name": "天客隆超市(灯市口分店)"
	},
	"lnglat": [
		[116.41482753067153, 39.918894483105944]
	]
}, {
	"properties": {
		"Id": 322,
		"street_name": "",
		"type": "超市便利店",
		"name": "东华门便民综合体"
	},
	"lnglat": [
		[116.4166021586399, 39.918591980388435]
	]
}, {
	"properties": {
		"Id": 323,
		"street_name": "",
		"type": "超市便利店",
		"name": "兆隆阁便民超市"
	},
	"lnglat": [
		[116.42614051745039, 39.91908564260456]
	]
}, {
	"properties": {
		"Id": 324,
		"street_name": "",
		"type": "超市便利店",
		"name": "全庆世幽超市"
	},
	"lnglat": [
		[116.42673972608878, 39.91905980777174]
	]
}, {
	"properties": {
		"Id": 325,
		"street_name": "",
		"type": "超市便利店",
		"name": "朝阳门街道办事处爱心超市"
	},
	"lnglat": [
		[116.42670071306596, 39.920245797973514]
	]
}, {
	"properties": {
		"Id": 326,
		"street_name": "",
		"type": "超市便利店",
		"name": "妙也天然矿泉水(银河SOHO店)"
	},
	"lnglat": [
		[116.43272277998727, 39.9201144359568]
	]
}, {
	"properties": {
		"Id": 327,
		"street_name": "",
		"type": "超市便利店",
		"name": "世纪华联超市(西芦城村东大街)"
	},
	"lnglat": [
		[116.4070257908462, 39.92143631208522]
	]
}, {
	"properties": {
		"Id": 328,
		"street_name": "",
		"type": "超市便利店",
		"name": "华隆利君食品店"
	},
	"lnglat": [
		[116.41460245050227, 39.92187441990473]
	]
}, {
	"properties": {
		"Id": 329,
		"street_name": "",
		"type": "超市便利店",
		"name": "中国移动(渊之然指定专营店)"
	},
	"lnglat": [
		[116.4178495999043, 39.92027633035563]
	]
}, {
	"properties": {
		"Id": 330,
		"street_name": "",
		"type": "超市便利店",
		"name": "点点餐+便利店"
	},
	"lnglat": [
		[116.41778857828211, 39.9209623135833]
	]
}, {
	"properties": {
		"Id": 331,
		"street_name": "",
		"type": "超市便利店",
		"name": "蒙蒙食品店"
	},
	"lnglat": [
		[116.43152937538059, 39.9205771152151]
	]
}, {
	"properties": {
		"Id": 332,
		"street_name": "",
		"type": "超市便利店",
		"name": "小超市(非餐)"
	},
	"lnglat": [
		[116.43281781244771, 39.921085461704536]
	]
}, {
	"properties": {
		"Id": 333,
		"street_name": "",
		"type": "超市便利店",
		"name": "何顺青连商店"
	},
	"lnglat": [
		[116.43308390191628, 39.92081053346303]
	]
}, {
	"properties": {
		"Id": 334,
		"street_name": "",
		"type": "超市便利店",
		"name": "好邻居便利店(银河SOHO店)"
	},
	"lnglat": [
		[116.43317393162076, 39.92068255703943]
	]
}, {
	"properties": {
		"Id": 335,
		"street_name": "",
		"type": "超市便利店",
		"name": "左邻右舍超市"
	},
	"lnglat": [
		[116.4330929046068, 39.921514536165816]
	]
}, {
	"properties": {
		"Id": 336,
		"street_name": "",
		"type": "超市便利店",
		"name": "十二十甘草水果"
	},
	"lnglat": [
		[116.43326696314651, 39.92151658228483]
	]
}, {
	"properties": {
		"Id": 337,
		"street_name": "",
		"type": "超市便利店",
		"name": "屈臣氏(东城朝阳门SOHO店)"
	},
	"lnglat": [
		[116.43302788336008, 39.92237251864417]
	]
}, {
	"properties": {
		"Id": 338,
		"street_name": "",
		"type": "超市便利店",
		"name": "天天易家"
	},
	"lnglat": [
		[116.43296286170562, 39.922366500826854]
	]
}, {
	"properties": {
		"Id": 339,
		"street_name": "",
		"type": "超市便利店",
		"name": "利康超市"
	},
	"lnglat": [
		[116.4116163966739, 39.92373258501665]
	]
}, {
	"properties": {
		"Id": 340,
		"street_name": "",
		"type": "超市便利店",
		"name": "7-ELEVEn(东城区东四南大街店)"
	},
	"lnglat": [
		[116.41730540729102, 39.923953178250144]
	]
}, {
	"properties": {
		"Id": 341,
		"street_name": "",
		"type": "超市便利店",
		"name": "京皖轩综合商店"
	},
	"lnglat": [
		[116.41932512254228, 39.92462374457572]
	]
}, {
	"properties": {
		"Id": 342,
		"street_name": "",
		"type": "超市便利店",
		"name": "菏光超市"
	},
	"lnglat": [
		[116.4209456951268, 39.92332419844851]
	]
}, {
	"properties": {
		"Id": 343,
		"street_name": "",
		"type": "超市便利店",
		"name": "便民超市"
	},
	"lnglat": [
		[116.42492609467733, 39.92470830791085]
	]
}, {
	"properties": {
		"Id": 344,
		"street_name": "",
		"type": "超市便利店",
		"name": "物美超市(朝阳门店)"
	},
	"lnglat": [
		[116.43046501293497, 39.92406582844674]
	]
}, {
	"properties": {
		"Id": 345,
		"street_name": "",
		"type": "超市便利店",
		"name": "超市"
	},
	"lnglat": [
		[116.4068927439953, 39.925175275342944]
	]
}, {
	"properties": {
		"Id": 346,
		"street_name": "",
		"type": "超市便利店",
		"name": "金隆厚福超市"
	},
	"lnglat": [
		[116.41267176893135, 39.92574288044083]
	]
}, {
	"properties": {
		"Id": 347,
		"street_name": "",
		"type": "超市便利店",
		"name": "奥士凯物美(朝菜店)"
	},
	"lnglat": [
		[116.4177625701209, 39.924924306683636]
	]
}, {
	"properties": {
		"Id": 348,
		"street_name": "",
		"type": "超市便利店",
		"name": "干果零食"
	},
	"lnglat": [
		[116.41755649727878, 39.92700824987227]
	]
}, {
	"properties": {
		"Id": 349,
		"street_name": "",
		"type": "超市便利店",
		"name": "通糖品质生活超市(东里店)"
	},
	"lnglat": [
		[116.42391874189752, 39.925293027921725]
	]
}, {
	"properties": {
		"Id": 350,
		"street_name": "",
		"type": "超市便利店",
		"name": "双喜发超市(装修中)"
	},
	"lnglat": [
		[116.43177045861769, 39.92659918188777]
	]
}, {
	"properties": {
		"Id": 351,
		"street_name": "",
		"type": "超市便利店",
		"name": "员工卖品部"
	},
	"lnglat": [
		[116.4330598948461, 39.92367352710091]
	]
}, {
	"properties": {
		"Id": 352,
		"street_name": "",
		"type": "超市便利店",
		"name": "松鼠便利(纳福胡同店)"
	},
	"lnglat": [
		[116.40269129870934, 39.92884113017687]
	]
}, {
	"properties": {
		"Id": 353,
		"street_name": "",
		"type": "超市便利店",
		"name": "悠惠生活"
	},
	"lnglat": [
		[116.40295438751889, 39.92913220111979]
	]
}, {
	"properties": {
		"Id": 354,
		"street_name": "",
		"type": "超市便利店",
		"name": "棋牌室小卖部"
	},
	"lnglat": [
		[116.40583537788744, 39.92752698525895]
	]
}, {
	"properties": {
		"Id": 355,
		"street_name": "",
		"type": "超市便利店",
		"name": "北京市龙海淼源水产店"
	},
	"lnglat": [
		[116.41041897654905, 39.928287252270856]
	]
}, {
	"properties": {
		"Id": 356,
		"street_name": "",
		"type": "超市便利店",
		"name": "万能超市"
	},
	"lnglat": [
		[116.41633706543622, 39.928334907216026]
	]
}, {
	"properties": {
		"Id": 357,
		"street_name": "",
		"type": "超市便利店",
		"name": "思源超市"
	},
	"lnglat": [
		[116.41636107402041, 39.92835591402131]
	]
}, {
	"properties": {
		"Id": 358,
		"street_name": "",
		"type": "超市便利店",
		"name": "美诺美超市"
	},
	"lnglat": [
		[116.42314046844426, 39.925106811409506]
	]
}, {
	"properties": {
		"Id": 359,
		"street_name": "",
		"type": "超市便利店",
		"name": "仓南胡同蔬菜水果便民店"
	},
	"lnglat": [
		[116.42576038781222, 39.9291725403282]
	]
}, {
	"properties": {
		"Id": 360,
		"street_name": "",
		"type": "超市便利店",
		"name": "好便宜超市"
	},
	"lnglat": [
		[116.42803617793042, 39.926470166308924]
	]
}, {
	"properties": {
		"Id": 361,
		"street_name": "",
		"type": "超市便利店",
		"name": "世纪华联超市(豆瓣胡同店)"
	},
	"lnglat": [
		[116.43185748960623, 39.92921920586571]
	]
}, {
	"properties": {
		"Id": 362,
		"street_name": "",
		"type": "超市便利店",
		"name": "顺天府超市(十九分店)"
	},
	"lnglat": [
		[116.43160240269083, 39.92927313808638]
	]
}, {
	"properties": {
		"Id": 363,
		"street_name": "",
		"type": "超市便利店",
		"name": "铃儿便民店"
	},
	"lnglat": [
		[116.4430421364048, 39.928831101998504]
	]
}, {
	"properties": {
		"Id": 364,
		"street_name": "",
		"type": "超市便利店",
		"name": "南兴林商店"
	},
	"lnglat": [
		[116.40168195567594, 39.93081985839577]
	]
}, {
	"properties": {
		"Id": 365,
		"street_name": "",
		"type": "超市便利店",
		"name": "無奈的人生"
	},
	"lnglat": [
		[116.40167995499596, 39.93084285771565]
	]
}, {
	"properties": {
		"Id": 366,
		"street_name": "",
		"type": "超市便利店",
		"name": "世纪家家福超市(美术馆后街店)"
	},
	"lnglat": [
		[116.40867936677235, 39.92999276965311]
	]
}, {
	"properties": {
		"Id": 367,
		"street_name": "",
		"type": "超市便利店",
		"name": "爱鲜蜂(大佛寺店)"
	},
	"lnglat": [
		[116.41071107875185, 39.92922933416351]
	]
}, {
	"properties": {
		"Id": 368,
		"street_name": "",
		"type": "超市便利店",
		"name": "多点超市(东四店)"
	},
	"lnglat": [
		[116.41696728888661, 39.929963084743335]
	]
}, {
	"properties": {
		"Id": 369,
		"street_name": "",
		"type": "超市便利店",
		"name": "捷利吉和超市"
	},
	"lnglat": [
		[116.4353866755713, 39.931243147576666]
	]
}, {
	"properties": {
		"Id": 370,
		"street_name": "",
		"type": "超市便利店",
		"name": "绿爸爸超市(好邻居东营房店)"
	},
	"lnglat": [
		[116.44008920736944, 39.93058236389559]
	]
}, {
	"properties": {
		"Id": 371,
		"street_name": "",
		"type": "超市便利店",
		"name": "牛奶便利"
	},
	"lnglat": [
		[116.41182747201144, 39.93310764558149]
	]
}, {
	"properties": {
		"Id": 372,
		"street_name": "",
		"type": "超市便利店",
		"name": "北京兴青远大商店"
	},
	"lnglat": [
		[116.41548976542923, 39.93233767104868]
	]
}, {
	"properties": {
		"Id": 373,
		"street_name": "",
		"type": "超市便利店",
		"name": "新大结言兮超市"
	},
	"lnglat": [
		[116.41588290470071, 39.932553780625796]
	]
}, {
	"properties": {
		"Id": 374,
		"street_name": "",
		"type": "超市便利店",
		"name": "平价百货超市"
	},
	"lnglat": [
		[116.41696828936277, 39.93245408572094]
	]
}, {
	"properties": {
		"Id": 375,
		"street_name": "",
		"type": "超市便利店",
		"name": "超市"
	},
	"lnglat": [
		[116.42855235776126, 39.932846309112385]
	]
}, {
	"properties": {
		"Id": 376,
		"street_name": "",
		"type": "超市便利店",
		"name": "家超市"
	},
	"lnglat": [
		[116.43569077647794, 39.931768227600855]
	]
}, {
	"properties": {
		"Id": 377,
		"street_name": "",
		"type": "超市便利店",
		"name": "智能便利店"
	},
	"lnglat": [
		[116.4025322440537, 39.93403208720366]
	]
}, {
	"properties": {
		"Id": 378,
		"street_name": "",
		"type": "超市便利店",
		"name": "京东甘南馆"
	},
	"lnglat": [
		[116.40276232217607, 39.93552414955619]
	]
}, {
	"properties": {
		"Id": 379,
		"street_name": "",
		"type": "超市便利店",
		"name": "汇聚购便民超市(交道口店)"
	},
	"lnglat": [
		[116.40895446268519, 39.934506846536145]
	]
}, {
	"properties": {
		"Id": 380,
		"street_name": "",
		"type": "超市便利店",
		"name": "自顺食品店"
	},
	"lnglat": [
		[116.41439437794195, 39.934365364442705]
	]
}, {
	"properties": {
		"Id": 381,
		"street_name": "",
		"type": "超市便利店",
		"name": "15minutes(共享际店)"
	},
	"lnglat": [
		[116.4180146601999, 39.93270437906337]
	]
}, {
	"properties": {
		"Id": 382,
		"street_name": "",
		"type": "超市便利店",
		"name": "松林明珠商店"
	},
	"lnglat": [
		[116.42388373158393, 39.93456102030116]
	]
}, {
	"properties": {
		"Id": 383,
		"street_name": "",
		"type": "超市便利店",
		"name": "鲜汇超市收货处"
	},
	"lnglat": [
		[116.42662168889183, 39.93413677917279]
	]
}, {
	"properties": {
		"Id": 384,
		"street_name": "",
		"type": "超市便利店",
		"name": "天泽祥鲜汇生活超市"
	},
	"lnglat": [
		[116.42770206432337, 39.934134076952105]
	]
}, {
	"properties": {
		"Id": 385,
		"street_name": "",
		"type": "超市便利店",
		"name": "奥士凯物美(新兴里店)"
	},
	"lnglat": [
		[116.43880479593508, 39.93406303755645]
	]
}, {
	"properties": {
		"Id": 386,
		"street_name": "",
		"type": "超市便利店",
		"name": "社区蔬菜超市"
	},
	"lnglat": [
		[116.43845068255261, 39.93599494635835]
	]
}, {
	"properties": {
		"Id": 387,
		"street_name": "",
		"type": "超市便利店",
		"name": "爱鲜蜂闪送超市"
	},
	"lnglat": [
		[116.39835383951291, 39.93673497475065]
	]
}, {
	"properties": {
		"Id": 388,
		"street_name": "",
		"type": "超市便利店",
		"name": "馨心百姓生活超市"
	},
	"lnglat": [
		[116.39970328902383, 39.9380693309622]
	]
}, {
	"properties": {
		"Id": 389,
		"street_name": "",
		"type": "超市便利店",
		"name": "新大焉错辅超市"
	},
	"lnglat": [
		[116.40278532992264, 39.93659015639406]
	]
}, {
	"properties": {
		"Id": 390,
		"street_name": "",
		"type": "超市便利店",
		"name": "兆惠超市"
	},
	"lnglat": [
		[116.41196051858138, 39.93657868346432]
	]
}, {
	"properties": {
		"Id": 391,
		"street_name": "",
		"type": "超市便利店",
		"name": "新鲜蔬菜"
	},
	"lnglat": [
		[116.41221460852894, 39.93698475397253]
	]
}, {
	"properties": {
		"Id": 392,
		"street_name": "",
		"type": "超市便利店",
		"name": "果乐水果(世纪天乐大厦A座南)"
	},
	"lnglat": [
		[116.4176145189284, 39.93636026738978]
	]
}, {
	"properties": {
		"Id": 393,
		"street_name": "",
		"type": "超市便利店",
		"name": "vango便利店(中汇广场店)"
	},
	"lnglat": [
		[116.43267977031704, 39.93622342940536]
	]
}, {
	"properties": {
		"Id": 394,
		"street_name": "",
		"type": "超市便利店",
		"name": "Hi-家(中青旅大厦店)"
	},
	"lnglat": [
		[116.43276880069291, 39.93791545324189]
	]
}, {
	"properties": {
		"Id": 395,
		"street_name": "",
		"type": "超市便利店",
		"name": "世纪华联超市(幸福彩虹社区特供店)"
	},
	"lnglat": [
		[116.4366911084963, 39.93734249071174]
	]
}, {
	"properties": {
		"Id": 396,
		"street_name": "",
		"type": "超市便利店",
		"name": "世纪华联超市(东中街店)"
	},
	"lnglat": [
		[116.4366901085053, 39.937384490649954]
	]
}, {
	"properties": {
		"Id": 397,
		"street_name": "",
		"type": "超市便利店",
		"name": "幸福彩虹社区特供店(世纪华联)"
	},
	"lnglat": [
		[116.43674812748591, 39.93744650583781]
	]
}, {
	"properties": {
		"Id": 398,
		"street_name": "",
		"type": "超市便利店",
		"name": "多点超市(十字坡店)"
	},
	"lnglat": [
		[116.4395290312959, 39.93848022392115]
	]
}, {
	"properties": {
		"Id": 399,
		"street_name": "",
		"type": "超市便利店",
		"name": "芳荣和盈超市"
	},
	"lnglat": [
		[116.40958968579834, 39.93835702338176]
	]
}, {
	"properties": {
		"Id": 400,
		"street_name": "",
		"type": "超市便利店",
		"name": "南山STORE AND BAR"
	},
	"lnglat": [
		[116.40796611776193, 39.94004957388657]
	]
}, {
	"properties": {
		"Id": 401,
		"street_name": "",
		"type": "超市便利店",
		"name": "晋西之二姚超市"
	},
	"lnglat": [
		[116.40728788166216, 39.940571386613904]
	]
}, {
	"properties": {
		"Id": 402,
		"street_name": "",
		"type": "超市便利店",
		"name": "中国石化加油站-便利店"
	},
	"lnglat": [
		[116.41707232665586, 39.94054111621217]
	]
}, {
	"properties": {
		"Id": 403,
		"street_name": "",
		"type": "超市便利店",
		"name": "烟草专供便民店"
	},
	"lnglat": [
		[116.4224662337346, 39.938586626345284]
	]
}, {
	"properties": {
		"Id": 404,
		"street_name": "",
		"type": "超市便利店",
		"name": "易捷便利店"
	},
	"lnglat": [
		[116.42604148795334, 39.940136619571675]
	]
}, {
	"properties": {
		"Id": 405,
		"street_name": "",
		"type": "超市便利店",
		"name": "屈臣氏(来福士)"
	},
	"lnglat": [
		[116.43223562047238, 39.93968331016095]
	]
}, {
	"properties": {
		"Id": 406,
		"street_name": "",
		"type": "超市便利店",
		"name": "北京华联(东直门店)"
	},
	"lnglat": [
		[116.43206956428219, 39.94015526575836]
	]
}, {
	"properties": {
		"Id": 407,
		"street_name": "",
		"type": "超市便利店",
		"name": "屈臣氏(银座百货)"
	},
	"lnglat": [
		[116.43488951274416, 39.94008101833376]
	]
}, {
	"properties": {
		"Id": 408,
		"street_name": "",
		"type": "超市便利店",
		"name": "blt便利超市(银座mall店)"
	},
	"lnglat": [
		[116.43539768224625, 39.93991415220809]
	]
}, {
	"properties": {
		"Id": 409,
		"street_name": "",
		"type": "超市便利店",
		"name": "华润万家"
	},
	"lnglat": [
		[116.43562675837818, 39.9401862126672]
	]
}, {
	"properties": {
		"Id": 410,
		"street_name": "",
		"type": "超市便利店",
		"name": "乐美"
	},
	"lnglat": [
		[116.43570878494359, 39.9403622342524]
	]
}, {
	"properties": {
		"Id": 411,
		"street_name": "",
		"type": "超市便利店",
		"name": "婕妮璐超市(海晟店)"
	},
	"lnglat": [
		[116.44026426640559, 39.93897841104299]
	]
}, {
	"properties": {
		"Id": 412,
		"street_name": "",
		"type": "超市便利店",
		"name": "晋乡弭节超市"
	},
	"lnglat": [
		[116.44370134396651, 39.938545267602436]
	]
}, {
	"properties": {
		"Id": 413,
		"street_name": "",
		"type": "超市便利店",
		"name": "联华快客"
	},
	"lnglat": [
		[116.39730349243007, 39.940913699110084]
	]
}, {
	"properties": {
		"Id": 414,
		"street_name": "",
		"type": "超市便利店",
		"name": "万国码头进口商品超市"
	},
	"lnglat": [
		[116.39755857648451, 39.94090676613502]
	]
}, {
	"properties": {
		"Id": 415,
		"street_name": "",
		"type": "超市便利店",
		"name": "万国码头进口优品超市"
	},
	"lnglat": [
		[116.39763560132086, 39.94090478576631]
	]
}, {
	"properties": {
		"Id": 416,
		"street_name": "",
		"type": "超市便利店",
		"name": "虎商店"
	},
	"lnglat": [
		[116.40016544371124, 39.940963453252216]
	]
}, {
	"properties": {
		"Id": 417,
		"street_name": "",
		"type": "超市便利店",
		"name": "窝商店"
	},
	"lnglat": [
		[116.4055572814376, 39.94071991027554]
	]
}, {
	"properties": {
		"Id": 418,
		"street_name": "",
		"type": "超市便利店",
		"name": "奥士凯物美(交道口店)"
	},
	"lnglat": [
		[116.40820720176569, 39.94149664026594]
	]
}, {
	"properties": {
		"Id": 419,
		"street_name": "",
		"type": "超市便利店",
		"name": "牛奶便利(安定门店)"
	},
	"lnglat": [
		[116.40876239630227, 39.94143579374988]
	]
}, {
	"properties": {
		"Id": 420,
		"street_name": "",
		"type": "超市便利店",
		"name": "天客隆(交道口店)"
	},
	"lnglat": [
		[116.40955467325861, 39.941115013809]
	]
}, {
	"properties": {
		"Id": 421,
		"street_name": "",
		"type": "超市便利店",
		"name": "疯勺子家居"
	},
	"lnglat": [
		[116.40972273251599, 39.94102506009265]
	]
}, {
	"properties": {
		"Id": 422,
		"street_name": "",
		"type": "超市便利店",
		"name": "社区生殖健康超市"
	},
	"lnglat": [
		[116.41225662371156, 39.942431766480794]
	]
}, {
	"properties": {
		"Id": 423,
		"street_name": "",
		"type": "超市便利店",
		"name": "簋街超市"
	},
	"lnglat": [
		[116.42025945555352, 39.941258009328195]
	]
}, {
	"properties": {
		"Id": 424,
		"street_name": "",
		"type": "超市便利店",
		"name": "北京赛食美超市"
	},
	"lnglat": [
		[116.42204108450773, 39.94081550744557]
	]
}, {
	"properties": {
		"Id": 425,
		"street_name": "",
		"type": "超市便利店",
		"name": "尤拉超市(东直门店)"
	},
	"lnglat": [
		[116.42936163928763, 39.94141353212453]
	]
}, {
	"properties": {
		"Id": 426,
		"street_name": "",
		"type": "超市便利店",
		"name": "食品饮料超市"
	},
	"lnglat": [
		[116.39522481488643, 39.942182161558414]
	]
}, {
	"properties": {
		"Id": 427,
		"street_name": "",
		"type": "超市便利店",
		"name": "蓉城之邈邈超市"
	},
	"lnglat": [
		[116.39775063979104, 39.943445816173394]
	]
}, {
	"properties": {
		"Id": 428,
		"street_name": "",
		"type": "超市便利店",
		"name": "新发地菜篮子便民直营店(安定门店)"
	},
	"lnglat": [
		[116.40862234709194, 39.94391375565656]
	]
}, {
	"properties": {
		"Id": 429,
		"street_name": "",
		"type": "超市便利店",
		"name": "双商店"
	},
	"lnglat": [
		[116.41172843702454, 39.94393561960002]
	]
}, {
	"properties": {
		"Id": 430,
		"street_name": "",
		"type": "超市便利店",
		"name": "烟酒食品水果蔬菜日用百货"
	},
	"lnglat": [
		[116.41410927807097, 39.943639284820094]
	]
}, {
	"properties": {
		"Id": 431,
		"street_name": "",
		"type": "超市便利店",
		"name": "悠惠万家(东直门北小街店)"
	},
	"lnglat": [
		[116.425383258733, 39.94456243805731]
	]
}, {
	"properties": {
		"Id": 432,
		"street_name": "",
		"type": "超市便利店",
		"name": "闽福而狐超市"
	},
	"lnglat": [
		[116.44094148426971, 39.944413582818314]
	]
}, {
	"properties": {
		"Id": 433,
		"street_name": "",
		"type": "超市便利店",
		"name": "麦田宠物用品"
	},
	"lnglat": [
		[116.44561693091936, 39.94407873272864]
	]
}, {
	"properties": {
		"Id": 434,
		"street_name": "",
		"type": "超市便利店",
		"name": "顺成宠物汇馆"
	},
	"lnglat": [
		[116.44628413042567, 39.94402289221167]
	]
}, {
	"properties": {
		"Id": 435,
		"street_name": "",
		"type": "超市便利店",
		"name": "朵商店"
	},
	"lnglat": [
		[116.39657225204165, 39.945232508474234]
	]
}, {
	"properties": {
		"Id": 436,
		"street_name": "",
		"type": "超市便利店",
		"name": "印象公寓超市"
	},
	"lnglat": [
		[116.400103422393, 39.945475437410515]
	]
}, {
	"properties": {
		"Id": 437,
		"street_name": "",
		"type": "超市便利店",
		"name": "超市"
	},
	"lnglat": [
		[116.4001294304636, 39.945451444153306]
	]
}, {
	"properties": {
		"Id": 438,
		"street_name": "",
		"type": "超市便利店",
		"name": "便民以结超市"
	},
	"lnglat": [
		[116.40112076454794, 39.94701370841756]
	]
}, {
	"properties": {
		"Id": 439,
		"street_name": "",
		"type": "超市便利店",
		"name": "慈善超市(东城区安定门街道店)"
	},
	"lnglat": [
		[116.4027023012931, 39.94698013442603]
	]
}, {
	"properties": {
		"Id": 440,
		"street_name": "",
		"type": "超市便利店",
		"name": "便利店超市"
	},
	"lnglat": [
		[116.40349257084758, 39.946688348193625]
	]
}, {
	"properties": {
		"Id": 441,
		"street_name": "",
		"type": "超市便利店",
		"name": "三唐春辉超市(安定门店)"
	},
	"lnglat": [
		[116.40858933500456, 39.94548474573444]
	]
}, {
	"properties": {
		"Id": 442,
		"street_name": "",
		"type": "超市便利店",
		"name": "百姓超市"
	},
	"lnglat": [
		[116.41578187112626, 39.94733275485128]
	]
}, {
	"properties": {
		"Id": 443,
		"street_name": "",
		"type": "超市便利店",
		"name": "福星凯来超市"
	},
	"lnglat": [
		[116.42268631256859, 39.94475468815669]
	]
}, {
	"properties": {
		"Id": 444,
		"street_name": "",
		"type": "超市便利店",
		"name": "用百货食品饮料"
	},
	"lnglat": [
		[116.39657225141382, 39.94799450871024]
	]
}, {
	"properties": {
		"Id": 445,
		"street_name": "",
		"type": "超市便利店",
		"name": "松鼠便利(花园东巷店)"
	},
	"lnglat": [
		[116.4047800129882, 39.94842969817104]
	]
}, {
	"properties": {
		"Id": 446,
		"street_name": "",
		"type": "超市便利店",
		"name": "长角牛商贸中心"
	},
	"lnglat": [
		[116.41441338619312, 39.94847237110404]
	]
}, {
	"properties": {
		"Id": 447,
		"street_name": "",
		"type": "超市便利店",
		"name": "东直门(北小街西侧店)"
	},
	"lnglat": [
		[116.42458998219901, 39.948575218617655]
	]
}, {
	"properties": {
		"Id": 448,
		"street_name": "",
		"type": "超市便利店",
		"name": "惠民网副食店"
	},
	"lnglat": [
		[116.43496053981086, 39.948728038415524]
	]
}, {
	"properties": {
		"Id": 449,
		"street_name": "",
		"type": "超市便利店",
		"name": "全时汇超市"
	},
	"lnglat": [
		[116.43943400451819, 39.94778620186676]
	]
}, {
	"properties": {
		"Id": 450,
		"street_name": "",
		"type": "超市便利店",
		"name": "便民直通车"
	},
	"lnglat": [
		[116.43982813113391, 39.94808930228547]
	]
}, {
	"properties": {
		"Id": 451,
		"street_name": "",
		"type": "超市便利店",
		"name": "超市发超市(安定门店)"
	},
	"lnglat": [
		[116.4044569013192, 39.95179361015476]
	]
}, {
	"properties": {
		"Id": 452,
		"street_name": "",
		"type": "超市便利店",
		"name": "静美同便利店"
	},
	"lnglat": [
		[116.40918154262343, 39.95123691040087]
	]
}, {
	"properties": {
		"Id": 453,
		"street_name": "",
		"type": "超市便利店",
		"name": "东沿河便民店"
	},
	"lnglat": [
		[116.41438337586207, 39.950232362189276]
	]
}, {
	"properties": {
		"Id": 454,
		"street_name": "",
		"type": "超市便利店",
		"name": "柠檬树"
	},
	"lnglat": [
		[116.42094269880543, 39.95079120209544]
	]
}, {
	"properties": {
		"Id": 455,
		"street_name": "",
		"type": "超市便利店",
		"name": "福州而可服超市"
	},
	"lnglat": [
		[116.4232044959867, 39.94981283401476]
	]
}, {
	"properties": {
		"Id": 456,
		"street_name": "",
		"type": "超市便利店",
		"name": "老陕余虽好超市"
	},
	"lnglat": [
		[116.42374368612778, 39.950795983859365]
	]
}, {
	"properties": {
		"Id": 457,
		"street_name": "",
		"type": "超市便利店",
		"name": "鲜乐汇"
	},
	"lnglat": [
		[116.42510716349753, 39.950745362916074]
	]
}, {
	"properties": {
		"Id": 458,
		"street_name": "",
		"type": "超市便利店",
		"name": "一点利百货商店"
	},
	"lnglat": [
		[116.39851389081983, 39.95201701606043]
	]
}, {
	"properties": {
		"Id": 459,
		"street_name": "",
		"type": "超市便利店",
		"name": "惠民团购生活店"
	},
	"lnglat": [
		[116.40321247454806, 39.95201127228053]
	]
}, {
	"properties": {
		"Id": 460,
		"street_name": "",
		"type": "超市便利店",
		"name": "爱鲜蜂(西营房店)"
	},
	"lnglat": [
		[116.40453292733135, 39.95249163093841]
	]
}, {
	"properties": {
		"Id": 461,
		"street_name": "",
		"type": "超市便利店",
		"name": "小卖部"
	},
	"lnglat": [
		[116.40683672437186, 39.954007262405966]
	]
}, {
	"properties": {
		"Id": 462,
		"street_name": "",
		"type": "超市便利店",
		"name": "酒冷饮"
	},
	"lnglat": [
		[116.40684772836433, 39.95402826518095]
	]
}, {
	"properties": {
		"Id": 463,
		"street_name": "",
		"type": "超市便利店",
		"name": "美廉美超市(和平新城店)(装修中)"
	},
	"lnglat": [
		[116.4257313821156, 39.95208053609045]
	]
}, {
	"properties": {
		"Id": 464,
		"street_name": "",
		"type": "超市便利店",
		"name": "华联生鲜超市(安德里店)"
	},
	"lnglat": [
		[116.38720531757615, 39.95696717843327]
	]
}, {
	"properties": {
		"Id": 465,
		"street_name": "",
		"type": "超市便利店",
		"name": "华联生活超市(鼓楼店)"
	},
	"lnglat": [
		[116.39382736269056, 39.95691880441303]
	]
}, {
	"properties": {
		"Id": 466,
		"street_name": "",
		"type": "超市便利店",
		"name": "Bobomi时尚数码连锁店(安定门店)"
	},
	"lnglat": [
		[116.40733089671477, 39.9580303983175]
	]
}, {
	"properties": {
		"Id": 467,
		"street_name": "",
		"type": "超市便利店",
		"name": "和平里街道一刻钟生活服务圈"
	},
	"lnglat": [
		[116.41261275060732, 39.9574018668783]
	]
}, {
	"properties": {
		"Id": 468,
		"street_name": "",
		"type": "超市便利店",
		"name": "四群便民店"
	},
	"lnglat": [
		[116.41779458515454, 39.9582833200009]
	]
}, {
	"properties": {
		"Id": 469,
		"street_name": "",
		"type": "超市便利店",
		"name": "和平里街道一刻钟生活服务圈"
	},
	"lnglat": [
		[116.42888647936245, 39.95682640500635]
	]
}, {
	"properties": {
		"Id": 470,
		"street_name": "",
		"type": "超市便利店",
		"name": "181菜篮子(兴化店)"
	},
	"lnglat": [
		[116.41071208021008, 39.95987133652379]
	]
}, {
	"properties": {
		"Id": 471,
		"street_name": "",
		"type": "超市便利店",
		"name": "九区便民超市"
	},
	"lnglat": [
		[116.41303690063332, 39.960368985638596]
	]
}, {
	"properties": {
		"Id": 472,
		"street_name": "",
		"type": "超市便利店",
		"name": "冷逑超市"
	},
	"lnglat": [
		[116.42052555276913, 39.958864085478744]
	]
}, {
	"properties": {
		"Id": 473,
		"street_name": "",
		"type": "超市便利店",
		"name": "美廉美超市(安外店)"
	},
	"lnglat": [
		[116.40589339749533, 39.961195002970534]
	]
}, {
	"properties": {
		"Id": 474,
		"street_name": "",
		"type": "超市便利店",
		"name": "华联生活超市"
	},
	"lnglat": [
		[116.41004484572906, 39.96182515063242]
	]
}, {
	"properties": {
		"Id": 475,
		"street_name": "",
		"type": "超市便利店",
		"name": "大斜坡小卖部"
	},
	"lnglat": [
		[116.41135630752575, 39.96441551581965]
	]
}, {
	"properties": {
		"Id": 476,
		"street_name": "",
		"type": "超市便利店",
		"name": "环贸新生活"
	},
	"lnglat": [
		[116.41096016766272, 39.965702404687946]
	]
}, {
	"properties": {
		"Id": 477,
		"street_name": "",
		"type": "超市便利店",
		"name": "BHG北京华联生活超市(小黄庄环贸店)"
	},
	"lnglat": [
		[116.41098417589428, 39.96585141229781]
	]
}, {
	"properties": {
		"Id": 478,
		"street_name": "",
		"type": "超市便利店",
		"name": "BHG Market Place(小黄庄环贸店)"
	},
	"lnglat": [
		[116.4108671353949, 39.96609637889178]
	]
}, {
	"properties": {
		"Id": 479,
		"street_name": "",
		"type": "超市便利店",
		"name": "屈臣氏(安贞环贸店)"
	},
	"lnglat": [
		[116.41075309509735, 39.96657234776854]
	]
}, {
	"properties": {
		"Id": 480,
		"street_name": "",
		"type": "超市便利店",
		"name": "万果汇生鲜超市"
	},
	"lnglat": [
		[116.41108021015914, 39.970918438854895]
	]
}, {
	"properties": {
		"Id": 481,
		"street_name": "",
		"type": "超市便利店",
		"name": "华欣超市(安贞桥店)"
	},
	"lnglat": [
		[116.41082211908676, 39.97125036637749]
	]
}, {
	"properties": {
		"Id": 482,
		"street_name": "",
		"type": "超市便利店",
		"name": "物业便民食品"
	},
	"lnglat": [
		[116.40832624327672, 39.973438673055604]
	]
}]