[{
	"properties": {
		"Id": 1,
		"street_name": "龙潭街道",
		"type": "幼儿园"
	},
	"lnglat": [
		[116.43705857996623, 39.89149006819555]
	]
}, {
	"properties": {
		"Id": 2,
		"street_name": "龙潭街道",
		"type": "幼儿园"
	},
	"lnglat": [
		[116.43571310112786, 39.89122363541836]
	]
}, {
	"properties": {
		"Id": 3,
		"street_name": "龙潭街道",
		"type": "幼儿园"
	},
	"lnglat": [
		[116.4346525241419, 39.892702109688436]
	]
}, {
	"properties": {
		"Id": 4,
		"street_name": "东四街道",
		"type": "幼儿园"
	},
	"lnglat": [
		[116.42376564661497, 39.92835161874204]
	]
}, {
	"properties": {
		"Id": 5,
		"street_name": "东四街道",
		"type": "幼儿园"
	},
	"lnglat": [
		[116.42466214895583, 39.9292486994799]
	]
}, {
	"properties": {
		"Id": 6,
		"street_name": "体育馆路街道",
		"type": "幼儿园"
	},
	"lnglat": [
		[116.42517630662364, 39.88458082618312]
	]
}, {
	"properties": {
		"Id": 7,
		"street_name": "体育馆路街道",
		"type": "幼儿园"
	},
	"lnglat": [
		[116.42723013435155, 39.88613520479181]
	]
}, {
	"properties": {
		"Id": 8,
		"street_name": "朝阳门街道",
		"type": "幼儿园"
	},
	"lnglat": [
		[116.43020543935116, 39.920461294842184]
	]
}, {
	"properties": {
		"Id": 9,
		"street_name": "东花市街道",
		"type": "幼儿园"
	},
	"lnglat": [
		[116.43032596643722, 39.89884157403469]
	]
}, {
	"properties": {
		"Id": 10,
		"street_name": "东花市街道",
		"type": "幼儿园"
	},
	"lnglat": [
		[116.43649894478294, 39.89886395119904]
	]
}, {
	"properties": {
		"Id": 11,
		"street_name": "东花市街道",
		"type": "幼儿园"
	},
	"lnglat": [
		[116.43395084690093, 39.89408818916963]
	]
}, {
	"properties": {
		"Id": 12,
		"street_name": "东花市街道",
		"type": "幼儿园"
	},
	"lnglat": [
		[116.44810621096725, 39.89141445967622]
	]
}, {
	"properties": {
		"Id": 13,
		"street_name": "前门街道",
		"type": "幼儿园"
	},
	"lnglat": [
		[116.40857305878792, 39.89452760916529]
	]
}, {
	"properties": {
		"Id": 14,
		"street_name": "建国门街道",
		"type": "幼儿园"
	},
	"lnglat": [
		[116.42886031916727, 39.916194417841886]
	]
}, {
	"properties": {
		"Id": 15,
		"street_name": "建国门街道",
		"type": "幼儿园"
	},
	"lnglat": [
		[116.43231242156484, 39.90358282232703]
	]
}, {
	"properties": {
		"Id": 16,
		"street_name": "交道口街道",
		"type": "幼儿园"
	},
	"lnglat": [
		[116.39757245836549, 39.9352670221636]
	]
}, {
	"properties": {
		"Id": 17,
		"street_name": "交道口街道",
		"type": "幼儿园"
	},
	"lnglat": [
		[116.40690815972164, 39.935571656956704]
	]
}, {
	"properties": {
		"Id": 18,
		"street_name": "安定门街道",
		"type": "幼儿园"
	},
	"lnglat": [
		[116.40016695471155, 39.94225067011335]
	]
}, {
	"properties": {
		"Id": 19,
		"street_name": "安定门街道",
		"type": "幼儿园"
	},
	"lnglat": [
		[116.39760823924463, 39.941301030035035]
	]
}, {
	"properties": {
		"Id": 20,
		"street_name": "安定门街道",
		"type": "幼儿园"
	},
	"lnglat": [
		[116.39894989845638, 39.94517960331853]
	]
}, {
	"properties": {
		"Id": 21,
		"street_name": "安定门街道",
		"type": "幼儿园"
	},
	"lnglat": [
		[116.40131895995542, 39.945633021358326]
	]
}, {
	"properties": {
		"Id": 22,
		"street_name": "安定门街道",
		"type": "幼儿园"
	},
	"lnglat": [
		[116.4031393070993, 39.94414334390894]
	]
}, {
	"properties": {
		"Id": 23,
		"street_name": "北新桥街道",
		"type": "幼儿园"
	},
	"lnglat": [
		[116.41834306284184, 39.94726924270729]
	]
}, {
	"properties": {
		"Id": 24,
		"street_name": "北新桥街道",
		"type": "幼儿园"
	},
	"lnglat": [
		[116.42578419124268, 39.94682633155501]
	]
}, {
	"properties": {
		"Id": 25,
		"street_name": "北新桥街道",
		"type": "幼儿园"
	},
	"lnglat": [
		[116.42096237976142, 39.94307278584423]
	]
}, {
	"properties": {
		"Id": 26,
		"street_name": "北新桥街道",
		"type": "幼儿园"
	},
	"lnglat": [
		[116.42542881614101, 39.94050762326735]
	]
}, {
	"properties": {
		"Id": 27,
		"street_name": "北新桥街道",
		"type": "幼儿园"
	},
	"lnglat": [
		[116.42147494367502, 39.93975572672385]
	]
}, {
	"properties": {
		"Id": 28,
		"street_name": "北新桥街道",
		"type": "幼儿园"
	},
	"lnglat": [
		[116.42370325010847, 39.93659506519852]
	]
}, {
	"properties": {
		"Id": 29,
		"street_name": "东华门街道",
		"type": "幼儿园"
	},
	"lnglat": [
		[116.39388043789413, 39.91027239593916]
	]
}, {
	"properties": {
		"Id": 30,
		"street_name": "东华门街道",
		"type": "幼儿园"
	},
	"lnglat": [
		[116.4061183682267, 39.91700319208465]
	]
}, {
	"properties": {
		"Id": 31,
		"street_name": "东华门街道",
		"type": "幼儿园"
	},
	"lnglat": [
		[116.4134240211456, 39.90352936836023]
	]
}, {
	"properties": {
		"Id": 32,
		"street_name": "东华门街道",
		"type": "幼儿园"
	},
	"lnglat": [
		[116.40637311904139, 39.91267111594701]
	]
}, {
	"properties": {
		"Id": 33,
		"street_name": "东华门街道",
		"type": "幼儿园"
	},
	"lnglat": [
		[116.40817487351227, 39.91652504444495]
	]
}, {
	"properties": {
		"Id": 34,
		"street_name": "东华门街道",
		"type": "幼儿园"
	},
	"lnglat": [
		[116.41249081799678, 39.920239281032906]
	]
}, {
	"properties": {
		"Id": 35,
		"street_name": "天坛街道",
		"type": "幼儿园"
	},
	"lnglat": [
		[116.40741729718141, 39.87348702714367]
	]
}, {
	"properties": {
		"Id": 36,
		"street_name": "天坛街道",
		"type": "幼儿园"
	},
	"lnglat": [
		[116.41555680887191, 39.888996768834836]
	]
}, {
	"properties": {
		"Id": 37,
		"street_name": "永定门外街道",
		"type": "幼儿园"
	},
	"lnglat": [
		[116.39434091995915, 39.86932148485715]
	]
}, {
	"properties": {
		"Id": 38,
		"street_name": "永定门外街道",
		"type": "幼儿园"
	},
	"lnglat": [
		[116.39101196434483, 39.866841191991305]
	]
}, {
	"properties": {
		"Id": 39,
		"street_name": "永定门外街道",
		"type": "幼儿园"
	},
	"lnglat": [
		[116.40454748636121, 39.86447407905481]
	]
}, {
	"properties": {
		"Id": 40,
		"street_name": "永定门外街道",
		"type": "幼儿园"
	},
	"lnglat": [
		[116.41517176344807, 39.86679212561486]
	]
}, {
	"properties": {
		"Id": 41,
		"street_name": "永定门外街道",
		"type": "幼儿园"
	},
	"lnglat": [
		[116.41293301635743, 39.86642274604013]
	]
}, {
	"properties": {
		"Id": 42,
		"street_name": "景山街道",
		"type": "幼儿园"
	},
	"lnglat": [
		[116.41020609477108, 39.930549032452305]
	]
}, {
	"properties": {
		"Id": 43,
		"street_name": "景山街道",
		"type": "幼儿园"
	},
	"lnglat": [
		[116.41427256114261, 39.929618075456396]
	]
}, {
	"properties": {
		"Id": 44,
		"street_name": "景山街道",
		"type": "幼儿园"
	},
	"lnglat": [
		[116.41567334552242, 39.931652727511235]
	]
}, {
	"properties": {
		"Id": 45,
		"street_name": "景山街道",
		"type": "幼儿园"
	},
	"lnglat": [
		[116.41526367555106, 39.932760108415984]
	]
}, {
	"properties": {
		"Id": 46,
		"street_name": "和平里街道",
		"type": "幼儿园"
	},
	"lnglat": [
		[116.39854616428552, 39.957624840917134]
	]
}, {
	"properties": {
		"Id": 47,
		"street_name": "和平里街道",
		"type": "幼儿园"
	},
	"lnglat": [
		[116.39945412762862, 39.954647144935464]
	]
}, {
	"properties": {
		"Id": 48,
		"street_name": "和平里街道",
		"type": "幼儿园"
	},
	"lnglat": [
		[116.39889134038337, 39.95129516966706]
	]
}, {
	"properties": {
		"Id": 49,
		"street_name": "和平里街道",
		"type": "幼儿园"
	},
	"lnglat": [
		[116.4284357872282, 39.955123150641064]
	]
}, {
	"properties": {
		"Id": 50,
		"street_name": "和平里街道",
		"type": "幼儿园"
	},
	"lnglat": [
		[116.42443377151321, 39.95558182114643]
	]
}, {
	"properties": {
		"Id": 51,
		"street_name": "和平里街道",
		"type": "幼儿园"
	},
	"lnglat": [
		[116.41202018242666, 39.95727417363391]
	]
}, {
	"properties": {
		"Id": 52,
		"street_name": "和平里街道",
		"type": "幼儿园"
	},
	"lnglat": [
		[116.41153356361467, 39.961220533633906]
	]
}, {
	"properties": {
		"Id": 53,
		"street_name": "和平里街道",
		"type": "幼儿园"
	},
	"lnglat": [
		[116.410307520734, 39.96233562611284]
	]
}, {
	"properties": {
		"Id": 54,
		"street_name": "东直门街道",
		"type": "幼儿园"
	},
	"lnglat": [
		[116.44088252839911, 39.939096384769485]
	]
}, {
	"properties": {
		"Id": 55,
		"street_name": "东直门街道",
		"type": "幼儿园"
	},
	"lnglat": [
		[116.44362128783501, 39.939803081357766]
	]
}, {
	"properties": {
		"Id": 56,
		"street_name": "东直门街道",
		"type": "幼儿园"
	},
	"lnglat": [
		[116.4412980027039, 39.9416016328808]
	]
}, {
	"properties": {
		"Id": 57,
		"street_name": "东直门街道",
		"type": "幼儿园"
	},
	"lnglat": [
		[116.44248210449517, 39.94449084101989]
	]
}, {
	"properties": {
		"Id": 58,
		"street_name": "东直门街道",
		"type": "幼儿园"
	},
	"lnglat": [
		[116.43598524797812, 39.950537573256184]
	]
}, {
	"properties": {
		"Id": 59,
		"street_name": "龙潭街道",
		"type": "幼儿园"
	},
	"lnglat": [
		[116.43803773015694, 39.88313934129039]
	]
}, {
	"properties": {
		"Id": 60,
		"street_name": "龙潭街道",
		"type": "幼儿园"
	},
	"lnglat": [
		[116.44205373579639, 39.88627091787024]
	]
}, {
	"properties": {
		"Id": 61,
		"street_name": "龙潭街道",
		"type": "幼儿园"
	},
	"lnglat": [
		[116.43962191158685, 39.88496116784418]
	]
}, {
	"properties": {
		"Id": 62,
		"street_name": "龙潭街道",
		"type": "幼儿园"
	},
	"lnglat": [
		[116.43696467571137, 39.88620491745895]
	]
}, {
	"properties": {
		"Id": 63,
		"street_name": "龙潭街道",
		"type": "幼儿园"
	},
	"lnglat": [
		[116.4338087240971, 39.88781123883487]
	]
}, {
	"properties": {
		"Id": 64,
		"street_name": "龙潭街道",
		"type": "幼儿园"
	},
	"lnglat": [
		[116.43963875490965, 39.890707014254296]
	]
}, {
	"properties": {
		"Id": 65,
		"street_name": "东直门街道",
		"type": "小学"
	},
	"lnglat": [
		[116.4357002222201, 39.948438756341005]
	]
}, {
	"properties": {
		"Id": 66,
		"street_name": "龙潭街道",
		"type": "小学"
	},
	"lnglat": [
		[116.43748019112908, 39.883574164940065]
	]
}, {
	"properties": {
		"Id": 67,
		"street_name": "龙潭街道",
		"type": "小学"
	},
	"lnglat": [
		[116.44102165160021, 39.88508688082574]
	]
}, {
	"properties": {
		"Id": 68,
		"street_name": "龙潭街道",
		"type": "小学"
	},
	"lnglat": [
		[116.43219499609536, 39.88905562256757]
	]
}, {
	"properties": {
		"Id": 69,
		"street_name": "龙潭街道",
		"type": "小学"
	},
	"lnglat": [
		[116.43281177168075, 39.88657210712032]
	]
}, {
	"properties": {
		"Id": 70,
		"street_name": "东四街道",
		"type": "小学"
	},
	"lnglat": [
		[116.42870801117337, 39.92668674511759]
	]
}, {
	"properties": {
		"Id": 71,
		"street_name": "东四街道",
		"type": "小学"
	},
	"lnglat": [
		[116.41855497896768, 39.93318415857754]
	]
}, {
	"properties": {
		"Id": 72,
		"street_name": "东四街道",
		"type": "小学"
	},
	"lnglat": [
		[116.42275267899237, 39.93203822963213]
	]
}, {
	"properties": {
		"Id": 73,
		"street_name": "体育馆路街道",
		"type": "小学"
	},
	"lnglat": [
		[116.4223808258853, 39.87973312070312]
	]
}, {
	"properties": {
		"Id": 74,
		"street_name": "体育馆路街道",
		"type": "小学"
	},
	"lnglat": [
		[116.42601077857407, 39.88568670127001]
	]
}, {
	"properties": {
		"Id": 75,
		"street_name": "体育馆路街道",
		"type": "小学"
	},
	"lnglat": [
		[116.42748963453921, 39.889227508439284]
	]
}, {
	"properties": {
		"Id": 76,
		"street_name": "体育馆路街道",
		"type": "小学"
	},
	"lnglat": [
		[116.42263380434797, 39.89202555899153]
	]
}, {
	"properties": {
		"Id": 77,
		"street_name": "朝阳门街道",
		"type": "小学"
	},
	"lnglat": [
		[116.4292444484981, 39.923730572391996]
	]
}, {
	"properties": {
		"Id": 78,
		"street_name": "朝阳门街道",
		"type": "小学"
	},
	"lnglat": [
		[116.42110005536709, 39.9223851723131]
	]
}, {
	"properties": {
		"Id": 79,
		"street_name": "朝阳门街道",
		"type": "小学"
	},
	"lnglat": [
		[116.43008490794422, 39.92088907640698]
	]
}, {
	"properties": {
		"Id": 80,
		"street_name": "朝阳门街道",
		"type": "小学"
	},
	"lnglat": [
		[116.4183518033016, 39.91872035194259]
	]
}, {
	"properties": {
		"Id": 81,
		"street_name": "崇文门外街道",
		"type": "小学"
	},
	"lnglat": [
		[116.4131524808778, 39.898148590852536]
	]
}, {
	"properties": {
		"Id": 82,
		"street_name": "崇文门外街道",
		"type": "小学"
	},
	"lnglat": [
		[116.4230774887118, 39.89468963321431]
	]
}, {
	"properties": {
		"Id": 83,
		"street_name": "东花市街道",
		"type": "小学"
	},
	"lnglat": [
		[116.43132656233092, 39.899642030164564]
	]
}, {
	"properties": {
		"Id": 84,
		"street_name": "东花市街道",
		"type": "小学"
	},
	"lnglat": [
		[116.42812170857043, 39.897859781800015]
	]
}, {
	"properties": {
		"Id": 85,
		"street_name": "东花市街道",
		"type": "小学"
	},
	"lnglat": [
		[116.42907569070555, 39.89515269720584]
	]
}, {
	"properties": {
		"Id": 86,
		"street_name": "东花市街道",
		"type": "小学"
	},
	"lnglat": [
		[116.4464064164668, 39.89624370472009]
	]
}, {
	"properties": {
		"Id": 87,
		"street_name": "东花市街道",
		"type": "小学"
	},
	"lnglat": [
		[116.44967017945706, 39.89182844166844]
	]
}, {
	"properties": {
		"Id": 88,
		"street_name": "前门街道",
		"type": "小学"
	},
	"lnglat": [
		[116.40764136102653, 39.89986541474682]
	]
}, {
	"properties": {
		"Id": 89,
		"street_name": "建国门街道",
		"type": "小学"
	},
	"lnglat": [
		[116.42433294089587, 39.91599302441337]
	]
}, {
	"properties": {
		"Id": 90,
		"street_name": "建国门街道",
		"type": "小学"
	},
	"lnglat": [
		[116.42412249720303, 39.912429263018005]
	]
}, {
	"properties": {
		"Id": 91,
		"street_name": "建国门街道",
		"type": "小学"
	},
	"lnglat": [
		[116.42133684608372, 39.9117746514265]
	]
}, {
	"properties": {
		"Id": 92,
		"street_name": "建国门街道",
		"type": "小学"
	},
	"lnglat": [
		[116.42317379443202, 39.902762698217956]
	]
}, {
	"properties": {
		"Id": 93,
		"street_name": "建国门街道",
		"type": "小学"
	},
	"lnglat": [
		[116.42000802605355, 39.904020392859714]
	]
}, {
	"properties": {
		"Id": 94,
		"street_name": "交道口街道",
		"type": "小学"
	},
	"lnglat": [
		[116.40197651394482, 39.93867547456503]
	]
}, {
	"properties": {
		"Id": 95,
		"street_name": "交道口街道",
		"type": "小学"
	},
	"lnglat": [
		[116.40522024337265, 39.938107590978376]
	]
}, {
	"properties": {
		"Id": 96,
		"street_name": "交道口街道",
		"type": "小学"
	},
	"lnglat": [
		[116.41105282933769, 39.93951288859871]
	]
}, {
	"properties": {
		"Id": 97,
		"street_name": "交道口街道",
		"type": "小学"
	},
	"lnglat": [
		[116.40975495003653, 39.93663708619428]
	]
}, {
	"properties": {
		"Id": 98,
		"street_name": "安定门街道",
		"type": "小学"
	},
	"lnglat": [
		[116.40559960659284, 39.94346590740087]
	]
}, {
	"properties": {
		"Id": 99,
		"street_name": "安定门街道",
		"type": "小学"
	},
	"lnglat": [
		[116.40162772260811, 39.94778930994911]
	]
}, {
	"properties": {
		"Id": 100,
		"street_name": "安定门街道",
		"type": "小学"
	},
	"lnglat": [
		[116.41363893842875, 39.94464358359718]
	]
}, {
	"properties": {
		"Id": 101,
		"street_name": "北新桥街道",
		"type": "小学"
	},
	"lnglat": [
		[116.43094978226783, 39.93516713481036]
	]
}, {
	"properties": {
		"Id": 102,
		"street_name": "北新桥街道",
		"type": "小学"
	},
	"lnglat": [
		[116.42210143875792, 39.936735176122156]
	]
}, {
	"properties": {
		"Id": 103,
		"street_name": "北新桥街道",
		"type": "小学"
	},
	"lnglat": [
		[116.41842366673947, 39.936946648555356]
	]
}, {
	"properties": {
		"Id": 104,
		"street_name": "东华门街道",
		"type": "小学"
	},
	"lnglat": [
		[116.41272185439915, 39.90331544657535]
	]
}, {
	"properties": {
		"Id": 105,
		"street_name": "东华门街道",
		"type": "小学"
	},
	"lnglat": [
		[116.4033653117557, 39.91920193147282]
	]
}, {
	"properties": {
		"Id": 106,
		"street_name": "东华门街道",
		"type": "小学"
	},
	"lnglat": [
		[116.4145544377384, 39.920562699364396]
	]
}, {
	"properties": {
		"Id": 107,
		"street_name": "东华门街道",
		"type": "小学"
	},
	"lnglat": [
		[116.41457063914292, 39.91487002864556]
	]
}, {
	"properties": {
		"Id": 108,
		"street_name": "天坛街道",
		"type": "小学"
	},
	"lnglat": [
		[116.41487385636665, 39.87381704676022]
	]
}, {
	"properties": {
		"Id": 109,
		"street_name": "天坛街道",
		"type": "小学"
	},
	"lnglat": [
		[116.41844738591637, 39.87654595783931]
	]
}, {
	"properties": {
		"Id": 110,
		"street_name": "天坛街道",
		"type": "小学"
	},
	"lnglat": [
		[116.41092866279183, 39.89126288130881]
	]
}, {
	"properties": {
		"Id": 111,
		"street_name": "天坛街道",
		"type": "小学"
	},
	"lnglat": [
		[116.40286288732297, 39.8888001846166]
	]
}, {
	"properties": {
		"Id": 112,
		"street_name": "永定门外街道",
		"type": "小学"
	},
	"lnglat": [
		[116.39823549062064, 39.86376625139676]
	]
}, {
	"properties": {
		"Id": 113,
		"street_name": "永定门外街道",
		"type": "小学"
	},
	"lnglat": [
		[116.41085887217297, 39.86080295863258]
	]
}, {
	"properties": {
		"Id": 114,
		"street_name": "永定门外街道",
		"type": "小学"
	},
	"lnglat": [
		[116.4062773981081, 39.86614551959181]
	]
}, {
	"properties": {
		"Id": 115,
		"street_name": "永定门外街道",
		"type": "小学"
	},
	"lnglat": [
		[116.40936955268755, 39.86944520817153]
	]
}, {
	"properties": {
		"Id": 116,
		"street_name": "永定门外街道",
		"type": "小学"
	},
	"lnglat": [
		[116.41587017601474, 39.86643113811016]
	]
}, {
	"properties": {
		"Id": 117,
		"street_name": "永定门外街道",
		"type": "小学"
	},
	"lnglat": [
		[116.41309760107674, 39.86676570642355]
	]
}, {
	"properties": {
		"Id": 118,
		"street_name": "永定门外街道",
		"type": "小学"
	},
	"lnglat": [
		[116.40528991878334, 39.86045627437862]
	]
}, {
	"properties": {
		"Id": 119,
		"street_name": "景山街道",
		"type": "小学"
	},
	"lnglat": [
		[116.4093556618919, 39.92922502038144]
	]
}, {
	"properties": {
		"Id": 120,
		"street_name": "景山街道",
		"type": "小学"
	},
	"lnglat": [
		[116.40807946463333, 39.929591382613765]
	]
}, {
	"properties": {
		"Id": 121,
		"street_name": "景山街道",
		"type": "小学"
	},
	"lnglat": [
		[116.40265233722862, 39.92714079137962]
	]
}, {
	"properties": {
		"Id": 122,
		"street_name": "景山街道",
		"type": "小学"
	},
	"lnglat": [
		[116.40470687733674, 39.93166525154739]
	]
}, {
	"properties": {
		"Id": 123,
		"street_name": "和平里街道",
		"type": "小学"
	},
	"lnglat": [
		[116.39855557214491, 39.956808597212785]
	]
}, {
	"properties": {
		"Id": 124,
		"street_name": "和平里街道",
		"type": "小学"
	},
	"lnglat": [
		[116.40651276431278, 39.954777557012875]
	]
}, {
	"properties": {
		"Id": 125,
		"street_name": "和平里街道",
		"type": "小学"
	},
	"lnglat": [
		[116.41081040168298, 39.950942979499075]
	]
}, {
	"properties": {
		"Id": 126,
		"street_name": "和平里街道",
		"type": "小学"
	},
	"lnglat": [
		[116.42739186820351, 39.950974531926505]
	]
}, {
	"properties": {
		"Id": 127,
		"street_name": "和平里街道",
		"type": "小学"
	},
	"lnglat": [
		[116.42874087447272, 39.95771741259387]
	]
}, {
	"properties": {
		"Id": 128,
		"street_name": "和平里街道",
		"type": "小学"
	},
	"lnglat": [
		[116.41993383328287, 39.9581635424465]
	]
}, {
	"properties": {
		"Id": 129,
		"street_name": "和平里街道",
		"type": "小学"
	},
	"lnglat": [
		[116.42153574140917, 39.96099061064322]
	]
}, {
	"properties": {
		"Id": 130,
		"street_name": "和平里街道",
		"type": "小学"
	},
	"lnglat": [
		[116.41052119934304, 39.96079431187181]
	]
}, {
	"properties": {
		"Id": 131,
		"street_name": "和平里街道",
		"type": "小学"
	},
	"lnglat": [
		[116.41348689751615, 39.96253195146012]
	]
}, {
	"properties": {
		"Id": 132,
		"street_name": "东直门街道",
		"type": "小学"
	},
	"lnglat": [
		[116.4452052398759, 39.94537590970271]
	]
}, {
	"properties": {
		"Id": 133,
		"street_name": "东直门街道",
		"type": "小学"
	},
	"lnglat": [
		[116.44179205953229, 39.940319832396604]
	]
}, {
	"properties": {
		"Id": 134,
		"street_name": "安定门街道",
		"type": "中学"
	},
	"lnglat": [
		[116.4130880893323, 39.94364978559951]
	]
}, {
	"properties": {
		"Id": 135,
		"street_name": "安定门街道",
		"type": "中学"
	},
	"lnglat": [
		[116.41055733775424, 39.94293029265001]
	]
}, {
	"properties": {
		"Id": 136,
		"street_name": "安定门街道",
		"type": "中学"
	},
	"lnglat": [
		[116.40029345102435, 39.94753891026632]
	]
}, {
	"properties": {
		"Id": 137,
		"street_name": "安定门街道",
		"type": "中学"
	},
	"lnglat": [
		[116.41399090598574, 39.93791153248437]
	]
}, {
	"properties": {
		"Id": 138,
		"street_name": "北新桥街道",
		"type": "中学"
	},
	"lnglat": [
		[116.43123061838956, 39.94508146457935]
	]
}, {
	"properties": {
		"Id": 139,
		"street_name": "东华门街道",
		"type": "中学"
	},
	"lnglat": [
		[116.41248246392215, 39.91963341521232]
	]
}, {
	"properties": {
		"Id": 140,
		"street_name": "东华门街道",
		"type": "中学"
	},
	"lnglat": [
		[116.40507773236885, 39.91642578789887]
	]
}, {
	"properties": {
		"Id": 141,
		"street_name": "东华门街道",
		"type": "中学"
	},
	"lnglat": [
		[116.41532803193716, 39.92075248736784]
	]
}, {
	"properties": {
		"Id": 142,
		"street_name": "东华门街道",
		"type": "中学"
	},
	"lnglat": [
		[116.40563475886619, 39.92069487473521]
	]
}, {
	"properties": {
		"Id": 143,
		"street_name": "天坛街道",
		"type": "中学"
	},
	"lnglat": [
		[116.4045890560889, 39.89027099956601]
	]
}, {
	"properties": {
		"Id": 144,
		"street_name": "天坛街道",
		"type": "中学"
	},
	"lnglat": [
		[116.41611053401068, 39.89106627759802]
	]
}, {
	"properties": {
		"Id": 145,
		"street_name": "永定门外街道",
		"type": "中学"
	},
	"lnglat": [
		[116.4105142407696, 39.86438262196844]
	]
}, {
	"properties": {
		"Id": 146,
		"street_name": "和平里街道",
		"type": "中学"
	},
	"lnglat": [
		[116.39756671303027, 39.95419900162473]
	]
}, {
	"properties": {
		"Id": 147,
		"street_name": "和平里街道",
		"type": "中学"
	},
	"lnglat": [
		[116.42367150294216, 39.9553035704601]
	]
}, {
	"properties": {
		"Id": 148,
		"street_name": "和平里街道",
		"type": "中学"
	},
	"lnglat": [
		[116.42859855323375, 39.95862123005655]
	]
}, {
	"properties": {
		"Id": 149,
		"street_name": "和平里街道",
		"type": "中学"
	},
	"lnglat": [
		[116.41075712833822, 39.95789321824021]
	]
}, {
	"properties": {
		"Id": 150,
		"street_name": "和平里街道",
		"type": "中学"
	},
	"lnglat": [
		[116.41166208406474, 39.96281646198423]
	]
}, {
	"properties": {
		"Id": 151,
		"street_name": "东直门街道",
		"type": "中学"
	},
	"lnglat": [
		[116.44034856476527, 39.93768471371088]
	]
}, {
	"properties": {
		"Id": 152,
		"street_name": "东直门街道",
		"type": "中学"
	},
	"lnglat": [
		[116.44376778962425, 39.94471234940149]
	]
}, {
	"properties": {
		"Id": 153,
		"street_name": "朝阳门街道",
		"type": "中学"
	},
	"lnglat": [
		[116.42395021454469, 39.91965660578277]
	]
}, {
	"properties": {
		"Id": 154,
		"street_name": "建国门街道",
		"type": "中学"
	},
	"lnglat": [
		[116.43299482644778, 39.90584765371254]
	]
}, {
	"properties": {
		"Id": 155,
		"street_name": "安定门街道",
		"type": "中学"
	},
	"lnglat": [
		[116.39807628905128, 39.94606653408035]
	]
}, {
	"properties": {
		"Id": 156,
		"street_name": "安定门街道",
		"type": "中学"
	},
	"lnglat": [
		[116.3945230171393, 39.94408927422343]
	]
}, {
	"properties": {
		"Id": 157,
		"street_name": "安定门街道",
		"type": "中学"
	},
	"lnglat": [
		[116.40672254870339, 39.94242699736814]
	]
}, {
	"properties": {
		"Id": 158,
		"street_name": "东华门街道",
		"type": "中学"
	},
	"lnglat": [
		[116.41415992744928, 39.91965495491442]
	]
}, {
	"properties": {
		"Id": 159,
		"street_name": "永定门外街道",
		"type": "中学"
	},
	"lnglat": [
		[116.40926777789574, 39.86120071273762]
	]
}, {
	"properties": {
		"Id": 160,
		"street_name": "永定门外街道",
		"type": "中学"
	},
	"lnglat": [
		[116.41297365945779, 39.862756765649905]
	]
}, {
	"properties": {
		"Id": 161,
		"street_name": "和平里街道",
		"type": "中学"
	},
	"lnglat": [
		[116.40376703378308, 39.95322745009067]
	]
}, {
	"properties": {
		"Id": 162,
		"street_name": "和平里街道",
		"type": "中学"
	},
	"lnglat": [
		[116.42741109122419, 39.95277841871672]
	]
}, {
	"properties": {
		"Id": 163,
		"street_name": "和平里街道",
		"type": "中学"
	},
	"lnglat": [
		[116.42127455938741, 39.96145533621087]
	]
}, {
	"properties": {
		"Id": 164,
		"street_name": "东四街道",
		"type": "中学"
	},
	"lnglat": [
		[116.42940120741778, 39.933064516038925]
	]
}, {
	"properties": {
		"Id": 165,
		"street_name": "朝阳门街道",
		"type": "中学"
	},
	"lnglat": [
		[116.4285653674933, 39.922441608145675]
	]
}, {
	"properties": {
		"Id": 166,
		"street_name": "崇文门外街道",
		"type": "中学"
	},
	"lnglat": [
		[116.4154164672069, 39.899490778445355]
	]
}, {
	"properties": {
		"Id": 167,
		"street_name": "崇文门外街道",
		"type": "中学"
	},
	"lnglat": [
		[116.41599577315587, 39.894789560530484]
	]
}, {
	"properties": {
		"Id": 168,
		"street_name": "东花市街道",
		"type": "中学"
	},
	"lnglat": [
		[116.4304227795083, 39.899506160011654]
	]
}, {
	"properties": {
		"Id": 169,
		"street_name": "东花市街道",
		"type": "中学"
	},
	"lnglat": [
		[116.44645711119894, 39.89858601544537]
	]
}, {
	"properties": {
		"Id": 170,
		"street_name": "东花市街道",
		"type": "中学"
	},
	"lnglat": [
		[116.43807831836641, 39.89635360822703]
	]
}, {
	"properties": {
		"Id": 171,
		"street_name": "前门街道",
		"type": "中学"
	},
	"lnglat": [
		[116.40285535388237, 39.899738852704125]
	]
}, {
	"properties": {
		"Id": 172,
		"street_name": "建国门街道",
		"type": "中学"
	},
	"lnglat": [
		[116.42367483372021, 39.91354625513242]
	]
}, {
	"properties": {
		"Id": 173,
		"street_name": "建国门街道",
		"type": "中学"
	},
	"lnglat": [
		[116.41931541872553, 39.902060081291914]
	]
}, {
	"properties": {
		"Id": 174,
		"street_name": "交道口街道",
		"type": "中学"
	},
	"lnglat": [
		[116.40138945714615, 39.94017791014352]
	]
}, {
	"properties": {
		"Id": 175,
		"street_name": "交道口街道",
		"type": "中学"
	},
	"lnglat": [
		[116.39803726531139, 39.9345341071825]
	]
}, {
	"properties": {
		"Id": 176,
		"street_name": "安定门街道",
		"type": "中学"
	},
	"lnglat": [
		[116.41461082960805, 39.944908369192206]
	]
}, {
	"properties": {
		"Id": 177,
		"street_name": "北新桥街道",
		"type": "中学"
	},
	"lnglat": [
		[116.42432803533192, 39.93940861260507]
	]
}, {
	"properties": {
		"Id": 178,
		"street_name": "天坛街道",
		"type": "中学"
	},
	"lnglat": [
		[116.41964453146242, 39.88084738630799]
	]
}, {
	"properties": {
		"Id": 179,
		"street_name": "天坛街道",
		"type": "中学"
	},
	"lnglat": [
		[116.40527060313744, 39.874636784427246]
	]
}, {
	"properties": {
		"Id": 180,
		"street_name": "永定门外街道",
		"type": "中学"
	},
	"lnglat": [
		[116.39343622948728, 39.8659202375822]
	]
}, {
	"properties": {
		"Id": 181,
		"street_name": "景山街道",
		"type": "中学"
	},
	"lnglat": [
		[116.41160849762043, 39.92940530417784]
	]
}, {
	"properties": {
		"Id": 182,
		"street_name": "龙潭街道",
		"type": "中学"
	},
	"lnglat": [
		[116.43772287805051, 39.873636227010586]
	]
}, {
	"properties": {
		"Id": 183,
		"street_name": "龙潭街道",
		"type": "中学"
	},
	"lnglat": [
		[116.4431093402295, 39.886324054186865]
	]
}, {
	"properties": {
		"Id": 184,
		"street_name": "龙潭街道",
		"type": "中学"
	},
	"lnglat": [
		[116.43900529850806, 39.88691357432328]
	]
}, {
	"properties": {
		"Id": 185,
		"street_name": "龙潭街道",
		"type": "中学"
	},
	"lnglat": [
		[116.43819371818778, 39.889702226391435]
	]
}, {
	"properties": {
		"Id": 186,
		"street_name": "龙潭街道",
		"type": "中学"
	},
	"lnglat": [
		[116.4335156342566, 39.89177694376066]
	]
}, {
	"properties": {
		"Id": 187,
		"street_name": "东四街道",
		"type": "中学"
	},
	"lnglat": [
		[116.42125500879443, 39.92940623868243]
	]
}, {
	"properties": {
		"Id": 188,
		"street_name": "体育馆南路街道",
		"type": "中学"
	},
	"lnglat": [
		[116.42168216256407, 39.882243989842195]
	]
}, {
	"properties": {
		"Id": 189,
		"street_name": "体育馆南路街道",
		"type": "中学"
	},
	"lnglat": [
		[116.42908681400462, 39.88822520489046]
	]
}, {
	"properties": {
		"Id": 190,
		"street_name": "体育馆南路街道",
		"type": "中学"
	},
	"lnglat": [
		[116.422193501969, 39.888289896867704]
	]
}, {
	"properties": {
		"Id": 191,
		"street_name": "天坛街道",
		"type": "九年一贯制"
	},
	"lnglat": [
		[116.40528761971304, 39.873862590994726]
	]
}, {
	"properties": {
		"Id": 192,
		"street_name": "东华门街道",
		"type": "九年一贯制"
	},
	"lnglat": [
		[116.41416941801273, 39.919556511434585]
	]
}]