[{
	"properties": {
		"Id": 1,
		"street_name": "朝阳门街道",
		"type": "街道卫生服务站"
	},
	"lnglat": [
		[116.41905099703737, 39.921527217565774]
	]
}, {
	"properties": {
		"Id": 2,
		"street_name": "崇文门外街道",
		"type": "街道卫生服务站"
	},
	"lnglat": [
		[116.41516621044741, 39.895383113448474]
	]
}, {
	"properties": {
		"Id": 3,
		"street_name": "交道口街道",
		"type": "街道卫生服务站"
	},
	"lnglat": [
		[116.41244487411811, 39.93998875875449]
	]
}, {
	"properties": {
		"Id": 4,
		"street_name": "建国门街道",
		"type": "街道卫生服务站"
	},
	"lnglat": [
		[116.42719254624825, 39.91519912573441]
	]
}, {
	"properties": {
		"Id": 5,
		"street_name": "景山街道",
		"type": "街道卫生服务站"
	},
	"lnglat": [
		[116.40932432143714, 39.93218569264193]
	]
}, {
	"properties": {
		"Id": 6,
		"street_name": "景山街道",
		"type": "街道卫生服务站"
	},
	"lnglat": [
		[116.41664386363439, 39.931860391376844]
	]
}, {
	"properties": {
		"Id": 7,
		"street_name": "景山街道",
		"type": "街道卫生服务站"
	},
	"lnglat": [
		[116.40511159149634, 39.93075159704149]
	]
}, {
	"properties": {
		"Id": 8,
		"street_name": "和平里街道",
		"type": "街道卫生服务站"
	},
	"lnglat": [
		[116.41541285405161, 39.95887762549384]
	]
}, {
	"properties": {
		"Id": 9,
		"street_name": "东直门街道",
		"type": "街道卫生服务站"
	},
	"lnglat": [
		[116.43863714870862, 39.93115306424321]
	]
}, {
	"properties": {
		"Id": 10,
		"street_name": "龙潭街道",
		"type": "街道卫生服务站"
	},
	"lnglat": [
		[116.4379139279506, 39.887298028043546]
	]
}, {
	"properties": {
		"Id": 11,
		"street_name": "东四街道",
		"type": "街道卫生服务站"
	},
	"lnglat": [
		[116.43073859239898, 39.92906378569768]
	]
}, {
	"properties": {
		"Id": 12,
		"street_name": "体育馆路街道",
		"type": "街道卫生服务站"
	},
	"lnglat": [
		[116.42584175161481, 39.888295738075186]
	]
}, {
	"properties": {
		"Id": 13,
		"street_name": "朝阳门街道",
		"type": "社区卫生服务站"
	},
	"lnglat": [
		[116.41806285054139, 39.91918223952234]
	]
}, {
	"properties": {
		"Id": 14,
		"street_name": "崇文门外街道",
		"type": "社区卫生服务站"
	},
	"lnglat": [
		[116.41516478965184, 39.89542162280036]
	]
}, {
	"properties": {
		"Id": 15,
		"street_name": "崇文门外街道",
		"type": "社区卫生服务站"
	},
	"lnglat": [
		[116.42504158430167, 39.89704931970151]
	]
}, {
	"properties": {
		"Id": 16,
		"street_name": "东花市街道",
		"type": "社区卫生服务站"
	},
	"lnglat": [
		[116.45003372610788, 39.892285400358034]
	]
}, {
	"properties": {
		"Id": 17,
		"street_name": "东花市街道",
		"type": "社区卫生服务站"
	},
	"lnglat": [
		[116.43658438126322, 39.89509979448745]
	]
}, {
	"properties": {
		"Id": 18,
		"street_name": "东花市街道",
		"type": "社区卫生服务站"
	},
	"lnglat": [
		[116.43418402275414, 39.89805841245665]
	]
}, {
	"properties": {
		"Id": 19,
		"street_name": "东花市街道",
		"type": "社区卫生服务站"
	},
	"lnglat": [
		[116.44481944227529, 39.89805088150816]
	]
}, {
	"properties": {
		"Id": 20,
		"street_name": "前门街道",
		"type": "社区卫生服务站"
	},
	"lnglat": [
		[116.40809888838024, 39.89712493238924]
	]
}, {
	"properties": {
		"Id": 21,
		"street_name": "交道口街道",
		"type": "社区卫生服务站"
	},
	"lnglat": [
		[116.40955230381157, 39.939377758024484]
	]
}, {
	"properties": {
		"Id": 22,
		"street_name": "建国门街道",
		"type": "社区卫生服务站"
	},
	"lnglat": [
		[116.42192833624671, 39.905547002808206]
	]
}, {
	"properties": {
		"Id": 23,
		"street_name": "建国门街道",
		"type": "社区卫生服务站"
	},
	"lnglat": [
		[116.42905207054244, 39.91054480788158]
	]
}, {
	"properties": {
		"Id": 24,
		"street_name": "建国门街道",
		"type": "社区卫生服务站"
	},
	"lnglat": [
		[116.42413028673263, 39.91402809880933]
	]
}, {
	"properties": {
		"Id": 25,
		"street_name": "建国门街道",
		"type": "社区卫生服务站"
	},
	"lnglat": [
		[116.43039602381143, 39.91418395760417]
	]
}, {
	"properties": {
		"Id": 26,
		"street_name": "安定门街道",
		"type": "社区卫生服务站"
	},
	"lnglat": [
		[116.40456916601933, 39.94817795470225]
	]
}, {
	"properties": {
		"Id": 27,
		"street_name": "安定门街道",
		"type": "社区卫生服务站"
	},
	"lnglat": [
		[116.4098639100513, 39.947020577601755]
	]
}, {
	"properties": {
		"Id": 28,
		"street_name": "北新桥街道",
		"type": "社区卫生服务站"
	},
	"lnglat": [
		[116.42349480438362, 39.948612005152846]
	]
}, {
	"properties": {
		"Id": 29,
		"street_name": "北新桥街道",
		"type": "社区卫生服务站"
	},
	"lnglat": [
		[116.43022625067614, 39.94435976159162]
	]
}, {
	"properties": {
		"Id": 30,
		"street_name": "北新桥街道",
		"type": "社区卫生服务站"
	},
	"lnglat": [
		[116.42337908581028, 39.94082555491899]
	]
}, {
	"properties": {
		"Id": 31,
		"street_name": "北新桥街道",
		"type": "社区卫生服务站"
	},
	"lnglat": [
		[116.41780521079966, 39.933983139983276]
	]
}, {
	"properties": {
		"Id": 32,
		"street_name": "北新桥街道",
		"type": "社区卫生服务站"
	},
	"lnglat": [
		[116.42894789345016, 39.935752885823426]
	]
}, {
	"properties": {
		"Id": 33,
		"street_name": "东华门街道",
		"type": "社区卫生服务站"
	},
	"lnglat": [
		[116.41514382062024, 39.92200813500239]
	]
}, {
	"properties": {
		"Id": 34,
		"street_name": "东华门街道",
		"type": "社区卫生服务站"
	},
	"lnglat": [
		[116.40780313326165, 39.91666124462585]
	]
}, {
	"properties": {
		"Id": 35,
		"street_name": "东华门街道",
		"type": "社区卫生服务站"
	},
	"lnglat": [
		[116.41511008020055, 39.916384191915995]
	]
}, {
	"properties": {
		"Id": 36,
		"street_name": "东华门街道",
		"type": "社区卫生服务站"
	},
	"lnglat": [
		[116.40553518097931, 39.91349611486172]
	]
}, {
	"properties": {
		"Id": 37,
		"street_name": "东华门街道",
		"type": "社区卫生服务站"
	},
	"lnglat": [
		[116.41526466931572, 39.90525427534086]
	]
}, {
	"properties": {
		"Id": 38,
		"street_name": "天坛街道",
		"type": "社区卫生服务站"
	},
	"lnglat": [
		[116.42053522962217, 39.874184058568304]
	]
}, {
	"properties": {
		"Id": 39,
		"street_name": "天坛街道",
		"type": "社区卫生服务站"
	},
	"lnglat": [
		[116.40466977616379, 39.873673989691696]
	]
}, {
	"properties": {
		"Id": 40,
		"street_name": "天坛街道",
		"type": "社区卫生服务站"
	},
	"lnglat": [
		[116.4060054175308, 39.88907133988549]
	]
}, {
	"properties": {
		"Id": 41,
		"street_name": "天坛街道",
		"type": "社区卫生服务站"
	},
	"lnglat": [
		[116.40353608951787, 39.8884170681891]
	]
}, {
	"properties": {
		"Id": 42,
		"street_name": "永定门外街道",
		"type": "社区卫生服务站"
	},
	"lnglat": [
		[116.40794712907385, 39.86292974203533]
	]
}, {
	"properties": {
		"Id": 43,
		"street_name": "永定门外街道",
		"type": "社区卫生服务站"
	},
	"lnglat": [
		[116.38964569262525, 39.86970246451296]
	]
}, {
	"properties": {
		"Id": 44,
		"street_name": "永定门外街道",
		"type": "社区卫生服务站"
	},
	"lnglat": [
		[116.39749974751383, 39.866919986063536]
	]
}, {
	"properties": {
		"Id": 45,
		"street_name": "和平里街道",
		"type": "社区卫生服务站"
	},
	"lnglat": [
		[116.39769280290167, 39.957339153686334]
	]
}, {
	"properties": {
		"Id": 46,
		"street_name": "和平里街道",
		"type": "社区卫生服务站"
	},
	"lnglat": [
		[116.40085722045431, 39.95364354921554]
	]
}, {
	"properties": {
		"Id": 47,
		"street_name": "和平里街道",
		"type": "社区卫生服务站"
	},
	"lnglat": [
		[116.40703242664759, 39.956237616666996]
	]
}, {
	"properties": {
		"Id": 48,
		"street_name": "和平里街道",
		"type": "社区卫生服务站"
	},
	"lnglat": [
		[116.40978157148929, 39.951154757354864]
	]
}, {
	"properties": {
		"Id": 49,
		"street_name": "和平里街道",
		"type": "社区卫生服务站"
	},
	"lnglat": [
		[116.42290986180159, 39.95686981801174]
	]
}, {
	"properties": {
		"Id": 50,
		"street_name": "和平里街道",
		"type": "社区卫生服务站"
	},
	"lnglat": [
		[116.426716906649, 39.958420318167164]
	]
}, {
	"properties": {
		"Id": 51,
		"street_name": "和平里街道",
		"type": "社区卫生服务站"
	},
	"lnglat": [
		[116.40878266748831, 39.96291224077224]
	]
}, {
	"properties": {
		"Id": 52,
		"street_name": "东直门街道",
		"type": "社区卫生服务站"
	},
	"lnglat": [
		[116.43910277736728, 39.93586390055224]
	]
}, {
	"properties": {
		"Id": 53,
		"street_name": "东直门街道",
		"type": "社区卫生服务站"
	},
	"lnglat": [
		[116.43891345604278, 39.93967318221886]
	]
}, {
	"properties": {
		"Id": 54,
		"street_name": "东直门街道",
		"type": "社区卫生服务站"
	},
	"lnglat": [
		[116.43472251121887, 39.94838888913044]
	]
}, {
	"properties": {
		"Id": 55,
		"street_name": "龙潭街道",
		"type": "社区卫生服务站"
	},
	"lnglat": [
		[116.43760044968263, 39.88512435862548]
	]
}, {
	"properties": {
		"Id": 56,
		"street_name": "龙潭街道",
		"type": "社区卫生服务站"
	},
	"lnglat": [
		[116.43936929078589, 39.87494181332333]
	]
}, {
	"properties": {
		"Id": 57,
		"street_name": "龙潭街道",
		"type": "社区卫生服务站"
	},
	"lnglat": [
		[116.44026920014274, 39.88235193079438]
	]
}, {
	"properties": {
		"Id": 58,
		"street_name": "东四街道",
		"type": "社区卫生服务站"
	},
	"lnglat": [
		[116.42731376443695, 39.925202583962665]
	]
}, {
	"properties": {
		"Id": 59,
		"street_name": "东四街道",
		"type": "社区卫生服务站"
	},
	"lnglat": [
		[116.43076229901028, 39.928826806487706]
	]
}, {
	"properties": {
		"Id": 60,
		"street_name": "东四街道",
		"type": "社区卫生服务站"
	},
	"lnglat": [
		[116.42091141047845, 39.930095649094916]
	]
}, {
	"properties": {
		"Id": 61,
		"street_name": "东四街道",
		"type": "社区卫生服务站"
	},
	"lnglat": [
		[116.42248551879533, 39.92668254929628]
	]
}, {
	"properties": {
		"Id": 62,
		"street_name": "东四街道",
		"type": "社区卫生服务站"
	},
	"lnglat": [
		[116.41795093613011, 39.93160806050421]
	]
}, {
	"properties": {
		"Id": 63,
		"street_name": "体育馆路街道",
		"type": "社区卫生服务站"
	},
	"lnglat": [
		[116.42613485026601, 39.8753708299925]
	]
}, {
	"properties": {
		"Id": 64,
		"street_name": "体育馆路街道",
		"type": "社区卫生服务站"
	},
	"lnglat": [
		[116.42214728529939, 39.886310117484534]
	]
}, {
	"properties": {
		"Id": 65,
		"street_name": "体育馆路街道",
		"type": "社区卫生服务站"
	},
	"lnglat": [
		[116.42585691022208, 39.877903522004885]
	]
}, {
	"properties": {
		"Id": 66,
		"street_name": "体育馆路街道",
		"type": "社区卫生服务站"
	},
	"lnglat": [
		[116.42585691022208, 39.877903522004885]
	]
}, {
	"properties": {
		"Id": 67,
		"street_name": "体育馆路街道",
		"type": "社区卫生服务站"
	},
	"lnglat": [
		[116.4258237389304, 39.888083382939335]
	]
}, {
	"properties": {
		"Id": 68,
		"street_name": "朝阳门街道",
		"type": "社区养老设施"
	},
	"lnglat": [
		[116.42837113564912, 39.91918059937226]
	]
}, {
	"properties": {
		"Id": 69,
		"street_name": "朝阳门街道",
		"type": "社区养老设施"
	},
	"lnglat": [
		[116.42782845448912, 39.921189802518306]
	]
}, {
	"properties": {
		"Id": 70,
		"street_name": "崇文门外街道",
		"type": "社区养老设施"
	},
	"lnglat": [
		[116.42154967390248, 39.89914650047207]
	]
}, {
	"properties": {
		"Id": 71,
		"street_name": "东花市街道",
		"type": "社区养老设施"
	},
	"lnglat": [
		[116.44825191262791, 39.89226513924519]
	]
}, {
	"properties": {
		"Id": 72,
		"street_name": "东花市街道",
		"type": "社区养老设施"
	},
	"lnglat": [
		[116.43921239321558, 39.89800306501537]
	]
}, {
	"properties": {
		"Id": 73,
		"street_name": "东花市街道",
		"type": "社区养老设施"
	},
	"lnglat": [
		[116.43436467979778, 39.89805372591386]
	]
}, {
	"properties": {
		"Id": 74,
		"street_name": "前门街道",
		"type": "社区养老设施"
	},
	"lnglat": [
		[116.40864919987686, 39.89833060105173]
	]
}, {
	"properties": {
		"Id": 75,
		"street_name": "前门街道",
		"type": "社区养老设施"
	},
	"lnglat": [
		[116.40774083388116, 39.89462773425942]
	]
}, {
	"properties": {
		"Id": 76,
		"street_name": "交道口街道",
		"type": "社区养老设施"
	},
	"lnglat": [
		[116.39839808249248, 39.93594618413327]
	]
}, {
	"properties": {
		"Id": 77,
		"street_name": "交道口街道",
		"type": "社区养老设施"
	},
	"lnglat": [
		[116.40378445880256, 39.93720855521604]
	]
}, {
	"properties": {
		"Id": 78,
		"street_name": "交道口街道",
		"type": "社区养老设施"
	},
	"lnglat": [
		[116.4123752715752, 39.93640935425414]
	]
}, {
	"properties": {
		"Id": 79,
		"street_name": "交道口街道",
		"type": "社区养老设施"
	},
	"lnglat": [
		[116.42703976217236, 39.916921402065256]
	]
}, {
	"properties": {
		"Id": 80,
		"street_name": "建国门街道",
		"type": "社区养老设施"
	},
	"lnglat": [
		[116.42221752391889, 39.90557258611875]
	]
}, {
	"properties": {
		"Id": 81,
		"street_name": "安定门街道",
		"type": "社区养老设施"
	},
	"lnglat": [
		[116.41002984579347, 39.944144470054304]
	]
}, {
	"properties": {
		"Id": 82,
		"street_name": "安定门街道",
		"type": "社区养老设施"
	},
	"lnglat": [
		[116.4047041509359, 39.944163504627795]
	]
}, {
	"properties": {
		"Id": 83,
		"street_name": "安定门街道",
		"type": "社区养老设施"
	},
	"lnglat": [
		[116.4024912506992, 39.94690555670347]
	]
}, {
	"properties": {
		"Id": 84,
		"street_name": "北新桥街道",
		"type": "社区养老设施"
	},
	"lnglat": [
		[116.42199747348393, 39.945792016519306]
	]
}, {
	"properties": {
		"Id": 85,
		"street_name": "北新桥街道",
		"type": "社区养老设施"
	},
	"lnglat": [
		[116.4248284732434, 39.939792026768686]
	]
}, {
	"properties": {
		"Id": 86,
		"street_name": "北新桥街道",
		"type": "社区养老设施"
	},
	"lnglat": [
		[116.41954685578226, 39.93950359642148]
	]
}, {
	"properties": {
		"Id": 87,
		"street_name": "北新桥街道",
		"type": "社区养老设施"
	},
	"lnglat": [
		[116.42624287838183, 39.934206759054]
	]
}, {
	"properties": {
		"Id": 88,
		"street_name": "东华门街道",
		"type": "社区养老设施"
	},
	"lnglat": [
		[116.41337691513715, 39.92292396826145]
	]
}, {
	"properties": {
		"Id": 89,
		"street_name": "东华门街道",
		"type": "社区养老设施"
	},
	"lnglat": [
		[116.41583941254073, 39.91783360937554]
	]
}, {
	"properties": {
		"Id": 90,
		"street_name": "东华门街道",
		"type": "社区养老设施"
	},
	"lnglat": [
		[116.40781573388645, 39.91684883100875]
	]
}, {
	"properties": {
		"Id": 91,
		"street_name": "天坛街道",
		"type": "社区养老设施"
	},
	"lnglat": [
		[116.40143037741223, 39.87343754982393]
	]
}, {
	"properties": {
		"Id": 92,
		"street_name": "天坛街道",
		"type": "社区养老设施"
	},
	"lnglat": [
		[116.41197512239685, 39.87363065751131]
	]
}, {
	"properties": {
		"Id": 93,
		"street_name": "天坛街道",
		"type": "社区养老设施"
	},
	"lnglat": [
		[116.39967758907105, 39.88927288772976]
	]
}, {
	"properties": {
		"Id": 94,
		"street_name": "永定门外街道",
		"type": "社区养老设施"
	},
	"lnglat": [
		[116.40907326377706, 39.87153453768337]
	]
}, {
	"properties": {
		"Id": 95,
		"street_name": "永定门外街道",
		"type": "社区养老设施"
	},
	"lnglat": [
		[116.41371255944516, 39.862470166160065]
	]
}, {
	"properties": {
		"Id": 96,
		"street_name": "永定门外街道",
		"type": "社区养老设施"
	},
	"lnglat": [
		[116.4108316921803, 39.86216956027688]
	]
}, {
	"properties": {
		"Id": 97,
		"street_name": "永定门外街道",
		"type": "社区养老设施"
	},
	"lnglat": [
		[116.40543005896305, 39.86085805206824]
	]
}, {
	"properties": {
		"Id": 98,
		"street_name": "景山街道",
		"type": "社区养老设施"
	},
	"lnglat": [
		[116.41581945225082, 39.92974011799126]
	]
}, {
	"properties": {
		"Id": 99,
		"street_name": "景山街道",
		"type": "社区养老设施"
	},
	"lnglat": [
		[116.4018415528888, 39.9283729208807]
	]
}, {
	"properties": {
		"Id": 100,
		"street_name": "景山街道",
		"type": "社区养老设施"
	},
	"lnglat": [
		[116.40018889587927, 39.930393770331875]
	]
}, {
	"properties": {
		"Id": 101,
		"street_name": "和平里街道",
		"type": "社区养老设施"
	},
	"lnglat": [
		[116.4273797053557, 39.957600121431724]
	]
}, {
	"properties": {
		"Id": 102,
		"street_name": "和平里街道",
		"type": "社区养老设施"
	},
	"lnglat": [
		[116.40877263622454, 39.96283394808461]
	]
}, {
	"properties": {
		"Id": 103,
		"street_name": "和平里街道",
		"type": "社区养老设施"
	},
	"lnglat": [
		[116.40875611388762, 39.973017234027644]
	]
}, {
	"properties": {
		"Id": 104,
		"street_name": "东直门街道",
		"type": "社区养老设施"
	},
	"lnglat": [
		[116.440111996859, 39.93397141078835]
	]
}, {
	"properties": {
		"Id": 105,
		"street_name": "东直门街道",
		"type": "社区养老设施"
	},
	"lnglat": [
		[116.43904355213874, 39.93687439513852]
	]
}, {
	"properties": {
		"Id": 106,
		"street_name": "东直门街道",
		"type": "社区养老设施"
	},
	"lnglat": [
		[116.43473544761754, 39.948105806663904]
	]
}, {
	"properties": {
		"Id": 107,
		"street_name": "龙潭街道",
		"type": "社区养老设施"
	},
	"lnglat": [
		[116.43417894189359, 39.88775975363918]
	]
}, {
	"properties": {
		"Id": 108,
		"street_name": "龙潭街道",
		"type": "社区养老设施"
	},
	"lnglat": [
		[116.44095397358768, 39.874122359374034]
	]
}, {
	"properties": {
		"Id": 109,
		"street_name": "龙潭街道",
		"type": "社区养老设施"
	},
	"lnglat": [
		[116.43383862182039, 39.89321002686077]
	]
}, {
	"properties": {
		"Id": 110,
		"street_name": "龙潭街道",
		"type": "社区养老设施"
	},
	"lnglat": [
		[116.44163997980532, 39.89140541702234]
	]
}, {
	"properties": {
		"Id": 111,
		"street_name": "东四街道",
		"type": "社区养老设施"
	},
	"lnglat": [
		[116.42840038452215, 39.924735175118094]
	]
}, {
	"properties": {
		"Id": 112,
		"street_name": "东四街道",
		"type": "社区养老设施"
	},
	"lnglat": [
		[116.42692581663508, 39.92728289629546]
	]
}, {
	"properties": {
		"Id": 113,
		"street_name": "东四街道",
		"type": "社区养老设施"
	},
	"lnglat": [
		[116.42758384297319, 39.93129499712445]
	]
}, {
	"properties": {
		"Id": 114,
		"street_name": "东四街道",
		"type": "社区养老设施"
	},
	"lnglat": [
		[116.4243245914505, 39.931863896007066]
	]
}, {
	"properties": {
		"Id": 115,
		"street_name": "东四街道",
		"type": "社区养老设施"
	},
	"lnglat": [
		[116.43094377935913, 39.92925504575615]
	]
}, {
	"properties": {
		"Id": 116,
		"street_name": "体育馆路街道",
		"type": "社区养老设施"
	},
	"lnglat": [
		[116.42185696667094, 39.88424243664949]
	]
}, {
	"properties": {
		"Id": 117,
		"street_name": "体育馆路街道",
		"type": "社区养老设施"
	},
	"lnglat": [
		[116.42587974940271, 39.888032766124724]
	]
}, {
	"properties": {
		"Id": 118,
		"street_name": "体育馆路街道",
		"type": "社区养老设施"
	},
	"lnglat": [
		[116.424865906272, 39.87842002423132]
	]
}, {
	"properties": {
		"Id": 119,
		"street_name": "体育馆路街道",
		"type": "社区养老设施"
	},
	"lnglat": [
		[116.42616589884726, 39.87653680049261]
	]
}, {
	"properties": {
		"Id": 120,
		"street_name": "崇文门外街道",
		"type": "机构养老设施"
	},
	"lnglat": [
		[116.42705931782548, 39.8993939262863]
	]
}, {
	"properties": {
		"Id": 121,
		"street_name": "东花市街道",
		"type": "机构养老设施"
	},
	"lnglat": [
		[116.44626341862482, 39.89542239644754]
	]
}, {
	"properties": {
		"Id": 122,
		"street_name": "前门街道",
		"type": "机构养老设施"
	},
	"lnglat": [
		[116.40855164611786, 39.89901306376121]
	]
}, {
	"properties": {
		"Id": 123,
		"street_name": "安定门街道",
		"type": "机构养老设施"
	},
	"lnglat": [
		[116.39558385261921, 39.943279842647286]
	]
}, {
	"properties": {
		"Id": 124,
		"street_name": "安定门街道",
		"type": "机构养老设施"
	},
	"lnglat": [
		[116.40008147230455, 39.945745577516114]
	]
}, {
	"properties": {
		"Id": 125,
		"street_name": "北新桥街道",
		"type": "机构养老设施"
	},
	"lnglat": [
		[116.43038911565367, 39.94408088911156]
	]
}, {
	"properties": {
		"Id": 126,
		"street_name": "北新桥街道",
		"type": "机构养老设施"
	},
	"lnglat": [
		[116.42337082605613, 39.9369399239726]
	]
}, {
	"properties": {
		"Id": 127,
		"street_name": "东华门街道",
		"type": "机构养老设施"
	},
	"lnglat": [
		[116.40435302535353, 39.911642011199014]
	]
}, {
	"properties": {
		"Id": 128,
		"street_name": "景山街道",
		"type": "机构养老设施"
	},
	"lnglat": [
		[116.41298501518115, 39.930595903947456]
	]
}, {
	"properties": {
		"Id": 129,
		"street_name": "景山街道",
		"type": "机构养老设施"
	},
	"lnglat": [
		[116.41606888596894, 39.93078194770314]
	]
}, {
	"properties": {
		"Id": 130,
		"street_name": "景山街道",
		"type": "机构养老设施"
	},
	"lnglat": [
		[116.40233131871733, 39.92553276506191]
	]
}, {
	"properties": {
		"Id": 131,
		"street_name": "景山街道",
		"type": "机构养老设施"
	},
	"lnglat": [
		[116.40248177857843, 39.927005015952]
	]
}, {
	"properties": {
		"Id": 132,
		"street_name": "和平里街道",
		"type": "机构养老设施"
	},
	"lnglat": [
		[116.41547025170011, 39.9510109855892]
	]
}, {
	"properties": {
		"Id": 133,
		"street_name": "东直门街道",
		"type": "机构养老设施"
	},
	"lnglat": [
		[116.44555920006674, 39.944224775905056]
	]
}, {
	"properties": {
		"Id": 134,
		"street_name": "龙潭街道",
		"type": "机构养老设施"
	},
	"lnglat": [
		[116.43358464197394, 39.89320666224811]
	]
}, {
	"properties": {
		"Id": 135,
		"street_name": "体育馆路街道",
		"type": "机构养老设施"
	},
	"lnglat": [
		[116.4236686912321, 39.87451239003193]
	]
}]