[{
	"properties": {
		"Id": 1,
		"street_name": "朝阳门街道",
		"type": "室内体育设施"
	},
	"lnglat": [
		[116.42934206679232, 39.92144709158525]
	]
}, {
	"properties": {
		"Id": 2,
		"street_name": "朝阳门街道",
		"type": "室内体育设施"
	},
	"lnglat": [
		[116.4283052571064, 39.91917761903744]
	]
}, {
	"properties": {
		"Id": 3,
		"street_name": "崇文门外街道",
		"type": "室内体育设施"
	},
	"lnglat": [
		[116.41370656302429, 39.89790680495592]
	]
}, {
	"properties": {
		"Id": 4,
		"street_name": "崇文门外街道",
		"type": "室内体育设施"
	},
	"lnglat": [
		[116.42634715961594, 39.89709407270695]
	]
}, {
	"properties": {
		"Id": 5,
		"street_name": "东花市街道",
		"type": "室内体育设施"
	},
	"lnglat": [
		[116.4480457016774, 39.8922593423211]
	]
}, {
	"properties": {
		"Id": 6,
		"street_name": "建国门街道",
		"type": "室内体育设施"
	},
	"lnglat": [
		[116.42749793858236, 39.915087540912104]
	]
}, {
	"properties": {
		"Id": 7,
		"street_name": "建国门街道",
		"type": "室内体育设施"
	},
	"lnglat": [
		[116.43075587548533, 39.913440107665835]
	]
}, {
	"properties": {
		"Id": 8,
		"street_name": "建国门街道",
		"type": "室内体育设施"
	},
	"lnglat": [
		[116.42208256118677, 39.90556697826343]
	]
}, {
	"properties": {
		"Id": 9,
		"street_name": "建国门街道",
		"type": "室内体育设施"
	},
	"lnglat": [
		[116.4336657559245, 39.906375218221925]
	]
}, {
	"properties": {
		"Id": 10,
		"street_name": "交道口街道",
		"type": "室内体育设施"
	},
	"lnglat": [
		[116.4115761279455, 39.93460517529594]
	]
}, {
	"properties": {
		"Id": 11,
		"street_name": "交道口街道",
		"type": "室内体育设施"
	},
	"lnglat": [
		[116.41286119466778, 39.94052175004072]
	]
}, {
	"properties": {
		"Id": 12,
		"street_name": "交道口街道",
		"type": "室内体育设施"
	},
	"lnglat": [
		[116.40931779490622, 39.93794150044768]
	]
}, {
	"properties": {
		"Id": 13,
		"street_name": "交道口街道",
		"type": "室内体育设施"
	},
	"lnglat": [
		[116.40421699225507, 39.93767496170151]
	]
}, {
	"properties": {
		"Id": 14,
		"street_name": "交道口街道",
		"type": "室内体育设施"
	},
	"lnglat": [
		[116.39776108595325, 39.93600609436014]
	]
}, {
	"properties": {
		"Id": 15,
		"street_name": "交道口街道",
		"type": "室内体育设施"
	},
	"lnglat": [
		[116.40174403756426, 39.937491784081395]
	]
}, {
	"properties": {
		"Id": 16,
		"street_name": "交道口街道",
		"type": "室内体育设施"
	},
	"lnglat": [
		[116.40474730605932, 39.93927726591629]
	]
}, {
	"properties": {
		"Id": 17,
		"street_name": "北新桥街道",
		"type": "室内体育设施"
	},
	"lnglat": [
		[116.4176742800239, 39.934200319705496]
	]
}, {
	"properties": {
		"Id": 18,
		"street_name": "北新桥街道",
		"type": "室内体育设施"
	},
	"lnglat": [
		[116.42240158901606, 39.948297107156215]
	]
}, {
	"properties": {
		"Id": 19,
		"street_name": "东华门街道",
		"type": "室内体育设施"
	},
	"lnglat": [
		[116.40397387975567, 39.91489891600224]
	]
}, {
	"properties": {
		"Id": 20,
		"street_name": "东华门街道",
		"type": "室内体育设施"
	},
	"lnglat": [
		[116.41665185118474, 39.906955256403585]
	]
}, {
	"properties": {
		"Id": 21,
		"street_name": "景山街道",
		"type": "室内体育设施"
	},
	"lnglat": [
		[116.40018096150206, 39.93048390741244]
	]
}, {
	"properties": {
		"Id": 22,
		"street_name": "东直门街道",
		"type": "室内体育设施"
	},
	"lnglat": [
		[116.43923552075279, 39.935232932644475]
	]
}, {
	"properties": {
		"Id": 23,
		"street_name": "东直门街道",
		"type": "室内体育设施"
	},
	"lnglat": [
		[116.43522682779417, 39.93933735294059]
	]
}, {
	"properties": {
		"Id": 24,
		"street_name": "东直门街道",
		"type": "室内体育设施"
	},
	"lnglat": [
		[116.4437964613921, 39.940134814432504]
	]
}, {
	"properties": {
		"Id": 25,
		"street_name": "东直门街道",
		"type": "室内体育设施"
	},
	"lnglat": [
		[116.44037146654988, 39.94364994422352]
	]
}, {
	"properties": {
		"Id": 26,
		"street_name": "龙潭街道",
		"type": "室内体育设施"
	},
	"lnglat": [
		[116.44079737237494, 39.87391462156609]
	]
}, {
	"properties": {
		"Id": 27,
		"street_name": "龙潭街道",
		"type": "室内体育设施"
	},
	"lnglat": [
		[116.43897782312948, 39.874975177902066]
	]
}, {
	"properties": {
		"Id": 28,
		"street_name": "龙潭街道",
		"type": "室内体育设施"
	},
	"lnglat": [
		[116.44360090212034, 39.884904152693316]
	]
}, {
	"properties": {
		"Id": 29,
		"street_name": "龙潭街道",
		"type": "室内体育设施"
	},
	"lnglat": [
		[116.43958001131774, 39.88553925402413]
	]
}, {
	"properties": {
		"Id": 30,
		"street_name": "龙潭街道",
		"type": "室内体育设施"
	},
	"lnglat": [
		[116.44081873199927, 39.887997929344884]
	]
}, {
	"properties": {
		"Id": 31,
		"street_name": "龙潭街道",
		"type": "室内体育设施"
	},
	"lnglat": [
		[116.43354821254492, 39.88636566053418]
	]
}, {
	"properties": {
		"Id": 32,
		"street_name": "龙潭街道",
		"type": "室内体育设施"
	},
	"lnglat": [
		[116.43636328149094, 39.89081432212305]
	]
}, {
	"properties": {
		"Id": 33,
		"street_name": "龙潭街道",
		"type": "室内体育设施"
	},
	"lnglat": [
		[116.44206717779544, 39.89296590010147]
	]
}, {
	"properties": {
		"Id": 34,
		"street_name": "龙潭街道",
		"type": "室内体育设施"
	},
	"lnglat": [
		[116.4318449893442, 39.89328876857352]
	]
}, {
	"properties": {
		"Id": 35,
		"street_name": "龙潭街道",
		"type": "室内体育设施"
	},
	"lnglat": [
		[116.43998174384141, 39.88236001279897]
	]
}, {
	"properties": {
		"Id": 36,
		"street_name": "东四街道",
		"type": "室内体育设施"
	},
	"lnglat": [
		[116.42422159889281, 39.93048429179951]
	]
}, {
	"properties": {
		"Id": 37,
		"street_name": "东四街道",
		"type": "室内体育设施"
	},
	"lnglat": [
		[116.42702615604043, 39.9247313271912]
	]
}, {
	"properties": {
		"Id": 38,
		"street_name": "和平里街区",
		"type": "室内体育设施"
	},
	"lnglat": [
		[116.40897433499907, 39.956482903313]
	]
}, {
	"properties": {
		"Id": 39,
		"street_name": "朝阳门街道",
		"type": "街道文化服务中心"
	},
	"lnglat": [
		[116.42219946550487, 39.9182651536857]
	]
}, {
	"properties": {
		"Id": 40,
		"street_name": "朝阳门街道",
		"type": "街道文化服务中心"
	},
	"lnglat": [
		[116.42029014114468, 39.9192593007609]
	]
}, {
	"properties": {
		"Id": 41,
		"street_name": "崇文门外街道",
		"type": "街道文化服务中心"
	},
	"lnglat": [
		[116.4217273136192, 39.899133998054616]
	]
}, {
	"properties": {
		"Id": 42,
		"street_name": "东花市街道",
		"type": "街道文化服务中心"
	},
	"lnglat": [
		[116.43160128089804, 39.89796821460707]
	]
}, {
	"properties": {
		"Id": 43,
		"street_name": "东花市街道",
		"type": "街道文化服务中心"
	},
	"lnglat": [
		[116.43343908417353, 39.895016785143646]
	]
}, {
	"properties": {
		"Id": 44,
		"street_name": "东花市街道",
		"type": "街道文化服务中心"
	},
	"lnglat": [
		[116.4395554712203, 39.89677266813711]
	]
}, {
	"properties": {
		"Id": 45,
		"street_name": "东花市街道",
		"type": "街道文化服务中心"
	},
	"lnglat": [
		[116.43601010977325, 39.8999160535343]
	]
}, {
	"properties": {
		"Id": 46,
		"street_name": "前门街道",
		"type": "街道文化服务中心"
	},
	"lnglat": [
		[116.40084244987816, 39.89608563479419]
	]
}, {
	"properties": {
		"Id": 47,
		"street_name": "前门街道",
		"type": "街道文化服务中心"
	},
	"lnglat": [
		[116.40130950986402, 39.89499829495174]
	]
}, {
	"properties": {
		"Id": 48,
		"street_name": "前门街道",
		"type": "街道文化服务中心"
	},
	"lnglat": [
		[116.4048678385399, 39.89527317691692]
	]
}, {
	"properties": {
		"Id": 49,
		"street_name": "前门街道",
		"type": "街道文化服务中心"
	},
	"lnglat": [
		[116.40645200504677, 39.89903865612223]
	]
}, {
	"properties": {
		"Id": 50,
		"street_name": "前门街道",
		"type": "街道文化服务中心"
	},
	"lnglat": [
		[116.40722226976413, 39.90030151303561]
	]
}, {
	"properties": {
		"Id": 51,
		"street_name": "前门街道",
		"type": "街道文化服务中心"
	},
	"lnglat": [
		[116.40843977641367, 39.8986301782789]
	]
}, {
	"properties": {
		"Id": 52,
		"street_name": "交道口街道",
		"type": "街道文化服务中心"
	},
	"lnglat": [
		[116.39804109785231, 39.93599705447553]
	]
}, {
	"properties": {
		"Id": 53,
		"street_name": "交道口街道",
		"type": "街道文化服务中心"
	},
	"lnglat": [
		[116.4050160424044, 39.9392751884242]
	]
}, {
	"properties": {
		"Id": 54,
		"street_name": "交道口街道",
		"type": "街道文化服务中心"
	},
	"lnglat": [
		[116.40378683481106, 39.93766296810573]
	]
}, {
	"properties": {
		"Id": 55,
		"street_name": "交道口街道",
		"type": "街道文化服务中心"
	},
	"lnglat": [
		[116.40206797482237, 39.93748756986421]
	]
}, {
	"properties": {
		"Id": 56,
		"street_name": "交道口街道",
		"type": "街道文化服务中心"
	},
	"lnglat": [
		[116.409331008989, 39.9380963543237]
	]
}, {
	"properties": {
		"Id": 57,
		"street_name": "交道口街道",
		"type": "街道文化服务中心"
	},
	"lnglat": [
		[116.41265667641355, 39.94051990522013]
	]
}, {
	"properties": {
		"Id": 58,
		"street_name": "交道口街道",
		"type": "街道文化服务中心"
	},
	"lnglat": [
		[116.4119474708786, 39.93643993286474]
	]
}, {
	"properties": {
		"Id": 59,
		"street_name": "安定门街道",
		"type": "街道文化服务中心"
	},
	"lnglat": [
		[116.40248183246189, 39.94713216527412]
	]
}, {
	"properties": {
		"Id": 60,
		"street_name": "安定门街道",
		"type": "街道文化服务中心"
	},
	"lnglat": [
		[116.39756119419181, 39.94220040048678]
	]
}, {
	"properties": {
		"Id": 61,
		"street_name": "安定门街道",
		"type": "街道文化服务中心"
	},
	"lnglat": [
		[116.40152666403218, 39.94423954704071]
	]
}, {
	"properties": {
		"Id": 62,
		"street_name": "安定门街道",
		"type": "街道文化服务中心"
	},
	"lnglat": [
		[116.40977555244768, 39.94180600261614]
	]
}, {
	"properties": {
		"Id": 63,
		"street_name": "安定门街道",
		"type": "街道文化服务中心"
	},
	"lnglat": [
		[116.40851749248483, 39.9481093885671]
	]
}, {
	"properties": {
		"Id": 64,
		"street_name": "北新桥街道",
		"type": "街道文化服务中心"
	},
	"lnglat": [
		[116.42635511411504, 39.94761638478807]
	]
}, {
	"properties": {
		"Id": 65,
		"street_name": "北新桥街道",
		"type": "街道文化服务中心"
	},
	"lnglat": [
		[116.43030081811062, 39.94408863239211]
	]
}, {
	"properties": {
		"Id": 66,
		"street_name": "北新桥街道",
		"type": "街道文化服务中心"
	},
	"lnglat": [
		[116.42883819788312, 39.94065393823359]
	]
}, {
	"properties": {
		"Id": 67,
		"street_name": "北新桥街道",
		"type": "街道文化服务中心"
	},
	"lnglat": [
		[116.42468889107805, 39.93749074277422]
	]
}, {
	"properties": {
		"Id": 68,
		"street_name": "北新桥街道",
		"type": "街道文化服务中心"
	},
	"lnglat": [
		[116.4288305972219, 39.935744931395895]
	]
}, {
	"properties": {
		"Id": 69,
		"street_name": "北新桥街道",
		"type": "街道文化服务中心"
	},
	"lnglat": [
		[116.41814203676203, 39.93399355453183]
	]
}, {
	"properties": {
		"Id": 70,
		"street_name": "北新桥街道",
		"type": "街道文化服务中心"
	},
	"lnglat": [
		[116.41642148208281, 39.94290258178497]
	]
}, {
	"properties": {
		"Id": 71,
		"street_name": "北新桥街道",
		"type": "街道文化服务中心"
	},
	"lnglat": [
		[116.41908753060967, 39.94480836798691]
	]
}, {
	"properties": {
		"Id": 72,
		"street_name": "北新桥街道",
		"type": "街道文化服务中心"
	},
	"lnglat": [
		[116.4183460330988, 39.946254229901626]
	]
}, {
	"properties": {
		"Id": 73,
		"street_name": "东华门街道",
		"type": "街道文化服务中心"
	},
	"lnglat": [
		[116.40442258115775, 39.91492908662887]
	]
}, {
	"properties": {
		"Id": 74,
		"street_name": "东华门街道",
		"type": "街道文化服务中心"
	},
	"lnglat": [
		[116.40645112288698, 39.91283915254309]
	]
}, {
	"properties": {
		"Id": 75,
		"street_name": "东华门街道",
		"type": "街道文化服务中心"
	},
	"lnglat": [
		[116.40409552932947, 39.91723819318096]
	]
}, {
	"properties": {
		"Id": 76,
		"street_name": "天坛街道",
		"type": "街道文化服务中心"
	},
	"lnglat": [
		[116.40878168292824, 39.874096649240165]
	]
}, {
	"properties": {
		"Id": 77,
		"street_name": "天坛街道",
		"type": "街道文化服务中心"
	},
	"lnglat": [
		[116.40206364481196, 39.874772141389855]
	]
}, {
	"properties": {
		"Id": 78,
		"street_name": "天坛街道",
		"type": "街道文化服务中心"
	},
	"lnglat": [
		[116.40100001662663, 39.88042111232818]
	]
}, {
	"properties": {
		"Id": 79,
		"street_name": "天坛街道",
		"type": "街道文化服务中心"
	},
	"lnglat": [
		[116.4071642522441, 39.89067475126402]
	]
}, {
	"properties": {
		"Id": 80,
		"street_name": "天坛街道",
		"type": "街道文化服务中心"
	},
	"lnglat": [
		[116.40837849829772, 39.88856467426293]
	]
}, {
	"properties": {
		"Id": 81,
		"street_name": "天坛街道",
		"type": "街道文化服务中心"
	},
	"lnglat": [
		[116.41077597501949, 39.88996436291552]
	]
}, {
	"properties": {
		"Id": 82,
		"street_name": "天坛街道",
		"type": "街道文化服务中心"
	},
	"lnglat": [
		[116.41684317101226, 39.88991737511844]
	]
}, {
	"properties": {
		"Id": 83,
		"street_name": "天坛街道",
		"type": "街道文化服务中心"
	},
	"lnglat": [
		[116.42008286036327, 39.874967100532295]
	]
}, {
	"properties": {
		"Id": 84,
		"street_name": "天坛街道",
		"type": "街道文化服务中心"
	},
	"lnglat": [
		[116.4206448534843, 39.877262517805306]
	]
}, {
	"properties": {
		"Id": 85,
		"street_name": "永定门外街道",
		"type": "街道文化服务中心"
	},
	"lnglat": [
		[116.40234168437651, 39.8677370775317]
	]
}, {
	"properties": {
		"Id": 86,
		"street_name": "永定门外街道",
		"type": "街道文化服务中心"
	},
	"lnglat": [
		[116.39543936785724, 39.869057377707904]
	]
}, {
	"properties": {
		"Id": 87,
		"street_name": "永定门外街道",
		"type": "街道文化服务中心"
	},
	"lnglat": [
		[116.41016892443973, 39.86338046892911]
	]
}, {
	"properties": {
		"Id": 88,
		"street_name": "景山街道",
		"type": "街道文化服务中心"
	},
	"lnglat": [
		[116.41224217031674, 39.93260856594227]
	]
}, {
	"properties": {
		"Id": 89,
		"street_name": "景山街道",
		"type": "街道文化服务中心"
	},
	"lnglat": [
		[116.41634193752309, 39.929463442937106]
	]
}, {
	"properties": {
		"Id": 90,
		"street_name": "景山街道",
		"type": "街道文化服务中心"
	},
	"lnglat": [
		[116.41235837965186, 39.92621397317415]
	]
}, {
	"properties": {
		"Id": 91,
		"street_name": "景山街道",
		"type": "街道文化服务中心"
	},
	"lnglat": [
		[116.40691138393628, 39.925699226608224]
	]
}, {
	"properties": {
		"Id": 92,
		"street_name": "景山街道",
		"type": "街道文化服务中心"
	},
	"lnglat": [
		[116.40187421796195, 39.92553192956055]
	]
}, {
	"properties": {
		"Id": 93,
		"street_name": "景山街道",
		"type": "街道文化服务中心"
	},
	"lnglat": [
		[116.40227976901083, 39.9270349526215]
	]
}, {
	"properties": {
		"Id": 94,
		"street_name": "景山街道",
		"type": "街道文化服务中心"
	},
	"lnglat": [
		[116.40338141443648, 39.92957023295401]
	]
}, {
	"properties": {
		"Id": 95,
		"street_name": "景山街道",
		"type": "街道文化服务中心"
	},
	"lnglat": [
		[116.39988547693092, 39.93039001026883]
	]
}, {
	"properties": {
		"Id": 96,
		"street_name": "景山街道",
		"type": "街道文化服务中心"
	},
	"lnglat": [
		[116.40005477228856, 39.93039007438426]
	]
}, {
	"properties": {
		"Id": 97,
		"street_name": "景山街道",
		"type": "街道文化服务中心"
	},
	"lnglat": [
		[116.40417182181396, 39.93211777378507]
	]
}, {
	"properties": {
		"Id": 98,
		"street_name": "景山街道",
		"type": "街道文化服务中心"
	},
	"lnglat": [
		[116.40676835987817, 39.92913896086471]
	]
}, {
	"properties": {
		"Id": 99,
		"street_name": "景山街道",
		"type": "街道文化服务中心"
	},
	"lnglat": [
		[116.3998939682519, 39.930475505642164]
	]
}, {
	"properties": {
		"Id": 100,
		"street_name": "景山街道",
		"type": "街道文化服务中心"
	},
	"lnglat": [
		[116.40966239150565, 39.930819617953404]
	]
}, {
	"properties": {
		"Id": 101,
		"street_name": "景山街道",
		"type": "街道文化服务中心"
	},
	"lnglat": [
		[116.41318096877646, 39.92676955370443]
	]
}, {
	"properties": {
		"Id": 102,
		"street_name": "东直门街道",
		"type": "街道文化服务中心"
	},
	"lnglat": [
		[116.43698011236093, 39.936757600842945]
	]
}, {
	"properties": {
		"Id": 103,
		"street_name": "龙潭街道",
		"type": "街道文化服务中心"
	},
	"lnglat": [
		[116.43464752829873, 39.873541480982205]
	]
}, {
	"properties": {
		"Id": 104,
		"street_name": "龙潭街道",
		"type": "街道文化服务中心"
	},
	"lnglat": [
		[116.43934679800716, 39.87475984234785]
	]
}, {
	"properties": {
		"Id": 105,
		"street_name": "龙潭街道",
		"type": "街道文化服务中心"
	},
	"lnglat": [
		[116.44141345190293, 39.8880045233858]
	]
}, {
	"properties": {
		"Id": 106,
		"street_name": "龙潭街道",
		"type": "街道文化服务中心"
	},
	"lnglat": [
		[116.43599240746728, 39.88764054981981]
	]
}, {
	"properties": {
		"Id": 107,
		"street_name": "东四街道",
		"type": "街道文化服务中心"
	},
	"lnglat": [
		[116.41770173812687, 39.9274989939974]
	]
}, {
	"properties": {
		"Id": 108,
		"street_name": "东四街道",
		"type": "街道文化服务中心"
	},
	"lnglat": [
		[116.42702069916837, 39.92503789175004]
	]
}, {
	"properties": {
		"Id": 109,
		"street_name": "东四街道",
		"type": "街道文化服务中心"
	},
	"lnglat": [
		[116.42797934316381, 39.931411926193185]
	]
}, {
	"properties": {
		"Id": 110,
		"street_name": "东四街道",
		"type": "街道文化服务中心"
	},
	"lnglat": [
		[116.4241879777204, 39.930339302389164]
	]
}, {
	"properties": {
		"Id": 111,
		"street_name": "体育馆路街道",
		"type": "街道文化服务中心"
	},
	"lnglat": [
		[116.42520003521196, 39.87802477086115]
	]
}, {
	"properties": {
		"Id": 112,
		"street_name": "朝阳门街道",
		"type": "室外活动场所"
	},
	"lnglat": [
		[116.42219703215459, 39.92401609702253]
	]
}, {
	"properties": {
		"Id": 113,
		"street_name": "朝阳门街道",
		"type": "室外活动场所"
	},
	"lnglat": [
		[116.42166080783355, 39.92320750825303]
	]
}, {
	"properties": {
		"Id": 114,
		"street_name": "朝阳门街道",
		"type": "室外活动场所"
	},
	"lnglat": [
		[116.4243796780192, 39.92195070549062]
	]
}, {
	"properties": {
		"Id": 115,
		"street_name": "朝阳门街道",
		"type": "室外活动场所"
	},
	"lnglat": [
		[116.43224615011657, 39.919399886515485]
	]
}, {
	"properties": {
		"Id": 116,
		"street_name": "崇文门外街道",
		"type": "室外活动场所"
	},
	"lnglat": [
		[116.42374907853697, 39.90035501670567]
	]
}, {
	"properties": {
		"Id": 117,
		"street_name": "崇文门外街道",
		"type": "室外活动场所"
	},
	"lnglat": [
		[116.42557732568173, 39.89956048742362]
	]
}, {
	"properties": {
		"Id": 118,
		"street_name": "崇文门外街道",
		"type": "室外活动场所"
	},
	"lnglat": [
		[116.42404565332355, 39.898406371626166]
	]
}, {
	"properties": {
		"Id": 119,
		"street_name": "崇文门外街道",
		"type": "室外活动场所"
	},
	"lnglat": [
		[116.41445690472707, 39.898858646458876]
	]
}, {
	"properties": {
		"Id": 120,
		"street_name": "崇文门外街道",
		"type": "室外活动场所"
	},
	"lnglat": [
		[116.41317467472538, 39.8938122138442]
	]
}, {
	"properties": {
		"Id": 121,
		"street_name": "崇文门外街道",
		"type": "室外活动场所"
	},
	"lnglat": [
		[116.41580299858418, 39.89614428955996]
	]
}, {
	"properties": {
		"Id": 122,
		"street_name": "前门街道",
		"type": "室外活动场所"
	},
	"lnglat": [
		[116.40426793477296, 39.900340233710864]
	]
}, {
	"properties": {
		"Id": 123,
		"street_name": "建国门街道",
		"type": "室外活动场所"
	},
	"lnglat": [
		[116.42312335582743, 39.914327355889775]
	]
}, {
	"properties": {
		"Id": 124,
		"street_name": "建国门街道",
		"type": "室外活动场所"
	},
	"lnglat": [
		[116.4208434352937, 39.910879677033904]
	]
}, {
	"properties": {
		"Id": 125,
		"street_name": "建国门街道",
		"type": "室外活动场所"
	},
	"lnglat": [
		[116.42143777833688, 39.911064022155884]
	]
}, {
	"properties": {
		"Id": 126,
		"street_name": "建国门街道",
		"type": "室外活动场所"
	},
	"lnglat": [
		[116.41837142997913, 39.91027041032272]
	]
}, {
	"properties": {
		"Id": 127,
		"street_name": "建国门街道",
		"type": "室外活动场所"
	},
	"lnglat": [
		[116.41878203257497, 39.907724029876945]
	]
}, {
	"properties": {
		"Id": 128,
		"street_name": "建国门街道",
		"type": "室外活动场所"
	},
	"lnglat": [
		[116.4187061594728, 39.908788866920894]
	]
}, {
	"properties": {
		"Id": 129,
		"street_name": "建国门街道",
		"type": "室外活动场所"
	},
	"lnglat": [
		[116.42745634031162, 39.91468041277399]
	]
}, {
	"properties": {
		"Id": 130,
		"street_name": "建国门街道",
		"type": "室外活动场所"
	},
	"lnglat": [
		[116.4336451702084, 39.914947393605004]
	]
}, {
	"properties": {
		"Id": 131,
		"street_name": "建国门街道",
		"type": "室外活动场所"
	},
	"lnglat": [
		[116.42777616528748, 39.91403247658833]
	]
}, {
	"properties": {
		"Id": 132,
		"street_name": "建国门街道",
		"type": "室外活动场所"
	},
	"lnglat": [
		[116.42915879834946, 39.91245422490201]
	]
}, {
	"properties": {
		"Id": 133,
		"street_name": "建国门街道",
		"type": "室外活动场所"
	},
	"lnglat": [
		[116.4342379193799, 39.91053920674481]
	]
}, {
	"properties": {
		"Id": 134,
		"street_name": "建国门街道",
		"type": "室外活动场所"
	},
	"lnglat": [
		[116.43293851741142, 39.910312744044724]
	]
}, {
	"properties": {
		"Id": 135,
		"street_name": "建国门街道",
		"type": "室外活动场所"
	},
	"lnglat": [
		[116.43427411512639, 39.907468317769016]
	]
}, {
	"properties": {
		"Id": 136,
		"street_name": "建国门街道",
		"type": "室外活动场所"
	},
	"lnglat": [
		[116.4196746841604, 39.905293709279356]
	]
}, {
	"properties": {
		"Id": 137,
		"street_name": "建国门街道",
		"type": "室外活动场所"
	},
	"lnglat": [
		[116.42179084991704, 39.9055560578519]
	]
}, {
	"properties": {
		"Id": 138,
		"street_name": "交道口街道",
		"type": "室外活动场所"
	},
	"lnglat": [
		[116.39937798889379, 39.93659050277303]
	]
}, {
	"properties": {
		"Id": 139,
		"street_name": "交道口街道",
		"type": "室外活动场所"
	},
	"lnglat": [
		[116.4032927355059, 39.93720412963097]
	]
}, {
	"properties": {
		"Id": 140,
		"street_name": "交道口街道",
		"type": "室外活动场所"
	},
	"lnglat": [
		[116.41616062142086, 39.94055876375926]
	]
}, {
	"properties": {
		"Id": 141,
		"street_name": "交道口街道",
		"type": "室外活动场所"
	},
	"lnglat": [
		[116.41028662990004, 39.939377722150304]
	]
}, {
	"properties": {
		"Id": 142,
		"street_name": "安定门街道",
		"type": "室外活动场所"
	},
	"lnglat": [
		[116.39932282359682, 39.9487440124586]
	]
}, {
	"properties": {
		"Id": 143,
		"street_name": "安定门街道",
		"type": "室外活动场所"
	},
	"lnglat": [
		[116.39606462960639, 39.94140258992074]
	]
}, {
	"properties": {
		"Id": 144,
		"street_name": "北新桥街道",
		"type": "室外活动场所"
	},
	"lnglat": [
		[116.42812771199556, 39.949300282915154]
	]
}, {
	"properties": {
		"Id": 145,
		"street_name": "北新桥街道",
		"type": "室外活动场所"
	},
	"lnglat": [
		[116.43327824793828, 39.946800601215614]
	]
}, {
	"properties": {
		"Id": 146,
		"street_name": "北新桥街道",
		"type": "室外活动场所"
	},
	"lnglat": [
		[116.41927027456694, 39.94810990935241]
	]
}, {
	"properties": {
		"Id": 147,
		"street_name": "北新桥街道",
		"type": "室外活动场所"
	},
	"lnglat": [
		[116.41901449245233, 39.94598345818952]
	]
}, {
	"properties": {
		"Id": 148,
		"street_name": "北新桥街道",
		"type": "室外活动场所"
	},
	"lnglat": [
		[116.42159804371107, 39.9438701068987]
	]
}, {
	"properties": {
		"Id": 149,
		"street_name": "北新桥街道",
		"type": "室外活动场所"
	},
	"lnglat": [
		[116.42771797739545, 39.94350821579358]
	]
}, {
	"properties": {
		"Id": 150,
		"street_name": "北新桥街道",
		"type": "室外活动场所"
	},
	"lnglat": [
		[116.43049198766671, 39.9433386715703]
	]
}, {
	"properties": {
		"Id": 151,
		"street_name": "北新桥街道",
		"type": "室外活动场所"
	},
	"lnglat": [
		[116.43070897957624, 39.940850595237315]
	]
}, {
	"properties": {
		"Id": 152,
		"street_name": "北新桥街道",
		"type": "室外活动场所"
	},
	"lnglat": [
		[116.4311508542139, 39.93997298797178]
	]
}, {
	"properties": {
		"Id": 153,
		"street_name": "北新桥街道",
		"type": "室外活动场所"
	},
	"lnglat": [
		[116.43145929860029, 39.93901771062997]
	]
}, {
	"properties": {
		"Id": 154,
		"street_name": "北新桥街道",
		"type": "室外活动场所"
	},
	"lnglat": [
		[116.43094129566654, 39.93463687700242]
	]
}, {
	"properties": {
		"Id": 155,
		"street_name": "北新桥街道",
		"type": "室外活动场所"
	},
	"lnglat": [
		[116.43077409731, 39.93576521273664]
	]
}, {
	"properties": {
		"Id": 156,
		"street_name": "北新桥街道",
		"type": "室外活动场所"
	},
	"lnglat": [
		[116.41753221603373, 39.9340191699506]
	]
}, {
	"properties": {
		"Id": 157,
		"street_name": "北新桥街道",
		"type": "室外活动场所"
	},
	"lnglat": [
		[116.41810975910667, 39.936530436552175]
	]
}, {
	"properties": {
		"Id": 158,
		"street_name": "天坛街道",
		"type": "室外活动场所"
	},
	"lnglat": [
		[116.41721247842864, 39.90698696197086]
	]
}, {
	"properties": {
		"Id": 159,
		"street_name": "天坛街道",
		"type": "室外活动场所"
	},
	"lnglat": [
		[116.40667036909335, 39.90194013186394]
	]
}, {
	"properties": {
		"Id": 160,
		"street_name": "天坛街道",
		"type": "室外活动场所"
	},
	"lnglat": [
		[116.40341766015138, 39.87875618301802]
	]
}, {
	"properties": {
		"Id": 161,
		"street_name": "天坛街道",
		"type": "室外活动场所"
	},
	"lnglat": [
		[116.40249773697195, 39.87967528538748]
	]
}, {
	"properties": {
		"Id": 162,
		"street_name": "天坛街道",
		"type": "室外活动场所"
	},
	"lnglat": [
		[116.40209836860915, 39.88000897692129]
	]
}, {
	"properties": {
		"Id": 163,
		"street_name": "天坛街道",
		"type": "室外活动场所"
	},
	"lnglat": [
		[116.40804842079208, 39.888996464331335]
	]
}, {
	"properties": {
		"Id": 164,
		"street_name": "天坛街道",
		"type": "室外活动场所"
	},
	"lnglat": [
		[116.41914921823043, 39.87951416258464]
	]
}, {
	"properties": {
		"Id": 165,
		"street_name": "天坛街道",
		"type": "室外活动场所"
	},
	"lnglat": [
		[116.41969360170812, 39.87384536997862]
	]
}, {
	"properties": {
		"Id": 166,
		"street_name": "天坛街道",
		"type": "室外活动场所"
	},
	"lnglat": [
		[116.41176934476388, 39.874388328691744]
	]
}, {
	"properties": {
		"Id": 167,
		"street_name": "天坛街道",
		"type": "室外活动场所"
	},
	"lnglat": [
		[116.40277060373617, 39.87313449015955]
	]
}, {
	"properties": {
		"Id": 168,
		"street_name": "永定门外街道",
		"type": "室外活动场所"
	},
	"lnglat": [
		[116.39598585169304, 39.8634406273902]
	]
}, {
	"properties": {
		"Id": 169,
		"street_name": "永定门外街道",
		"type": "室外活动场所"
	},
	"lnglat": [
		[116.39081623148002, 39.869088466368986]
	]
}, {
	"properties": {
		"Id": 170,
		"street_name": "永定门外街道",
		"type": "室外活动场所"
	},
	"lnglat": [
		[116.41038295603981, 39.86355584139924]
	]
}, {
	"properties": {
		"Id": 171,
		"street_name": "永定门外街道",
		"type": "室外活动场所"
	},
	"lnglat": [
		[116.40952445494067, 39.86256553772209]
	]
}, {
	"properties": {
		"Id": 172,
		"street_name": "永定门外街道",
		"type": "室外活动场所"
	},
	"lnglat": [
		[116.40211551477275, 39.86781220073909]
	]
}, {
	"properties": {
		"Id": 173,
		"street_name": "永定门外街道",
		"type": "室外活动场所"
	},
	"lnglat": [
		[116.41408468035584, 39.864516265105095]
	]
}, {
	"properties": {
		"Id": 174,
		"street_name": "永定门外街道",
		"type": "室外活动场所"
	},
	"lnglat": [
		[116.41405082801055, 39.865115504088756]
	]
}, {
	"properties": {
		"Id": 175,
		"street_name": "永定门外街道",
		"type": "室外活动场所"
	},
	"lnglat": [
		[116.41207271457424, 39.86022612292921]
	]
}, {
	"properties": {
		"Id": 176,
		"street_name": "景山街道",
		"type": "室外活动场所"
	},
	"lnglat": [
		[116.4050117156012, 39.93121690439837]
	]
}, {
	"properties": {
		"Id": 177,
		"street_name": "景山街道",
		"type": "室外活动场所"
	},
	"lnglat": [
		[116.40459804874119, 39.93084773924968]
	]
}, {
	"properties": {
		"Id": 178,
		"street_name": "景山街道",
		"type": "室外活动场所"
	},
	"lnglat": [
		[116.40503299445905, 39.93031467675031]
	]
}, {
	"properties": {
		"Id": 179,
		"street_name": "景山街道",
		"type": "室外活动场所"
	},
	"lnglat": [
		[116.40063167686023, 39.930743734520426]
	]
}, {
	"properties": {
		"Id": 180,
		"street_name": "景山街道",
		"type": "室外活动场所"
	},
	"lnglat": [
		[116.39820187095394, 39.928558686837015]
	]
}, {
	"properties": {
		"Id": 181,
		"street_name": "景山街道",
		"type": "室外活动场所"
	},
	"lnglat": [
		[116.40528668884862, 39.92713133408462]
	]
}, {
	"properties": {
		"Id": 182,
		"street_name": "景山街道",
		"type": "室外活动场所"
	},
	"lnglat": [
		[116.40411005565846, 39.92753760362978]
	]
}, {
	"properties": {
		"Id": 183,
		"street_name": "景山街道",
		"type": "室外活动场所"
	},
	"lnglat": [
		[116.40374350134182, 39.9247133813361]
	]
}, {
	"properties": {
		"Id": 184,
		"street_name": "景山街道",
		"type": "室外活动场所"
	},
	"lnglat": [
		[116.40854999440792, 39.931668670201795]
	]
}, {
	"properties": {
		"Id": 185,
		"street_name": "景山街道",
		"type": "室外活动场所"
	},
	"lnglat": [
		[116.40759107711956, 39.929990400068505]
	]
}, {
	"properties": {
		"Id": 186,
		"street_name": "景山街道",
		"type": "室外活动场所"
	},
	"lnglat": [
		[116.408599676976, 39.92756891879358]
	]
}, {
	"properties": {
		"Id": 187,
		"street_name": "景山街道",
		"type": "室外活动场所"
	},
	"lnglat": [
		[116.40786303191152, 39.928553190896885]
	]
}, {
	"properties": {
		"Id": 188,
		"street_name": "景山街道",
		"type": "室外活动场所"
	},
	"lnglat": [
		[116.40840949367234, 39.927163347660496]
	]
}, {
	"properties": {
		"Id": 189,
		"street_name": "景山街道",
		"type": "室外活动场所"
	},
	"lnglat": [
		[116.41089365985124, 39.929771610907444]
	]
}, {
	"properties": {
		"Id": 190,
		"street_name": "景山街道",
		"type": "室外活动场所"
	},
	"lnglat": [
		[116.41194148183482, 39.92891480872194]
	]
}, {
	"properties": {
		"Id": 191,
		"street_name": "景山街道",
		"type": "室外活动场所"
	},
	"lnglat": [
		[116.41582506211522, 39.93141559718036]
	]
}, {
	"properties": {
		"Id": 192,
		"street_name": "东直门街道",
		"type": "室外活动场所"
	},
	"lnglat": [
		[116.43519833378103, 39.93919887912837]
	]
}, {
	"properties": {
		"Id": 193,
		"street_name": "东直门街道",
		"type": "室外活动场所"
	},
	"lnglat": [
		[116.43965922449439, 39.93966702130679]
	]
}, {
	"properties": {
		"Id": 194,
		"street_name": "东直门街道",
		"type": "室外活动场所"
	},
	"lnglat": [
		[116.43987736857584, 39.94241929439859]
	]
}, {
	"properties": {
		"Id": 195,
		"street_name": "东直门街道",
		"type": "室外活动场所"
	},
	"lnglat": [
		[116.43439970965082, 39.94798260110885]
	]
}, {
	"properties": {
		"Id": 196,
		"street_name": "龙潭街道",
		"type": "室外活动场所"
	},
	"lnglat": [
		[116.43748943157706, 39.88160424826077]
	]
}, {
	"properties": {
		"Id": 197,
		"street_name": "龙潭街道",
		"type": "室外活动场所"
	},
	"lnglat": [
		[116.44219593334404, 39.88522196449809]
	]
}, {
	"properties": {
		"Id": 198,
		"street_name": "龙潭街道",
		"type": "室外活动场所"
	},
	"lnglat": [
		[116.43819843780948, 39.88561056663971]
	]
}, {
	"properties": {
		"Id": 199,
		"street_name": "龙潭街道",
		"type": "室外活动场所"
	},
	"lnglat": [
		[116.4370836606066, 39.88890406781889]
	]
}, {
	"properties": {
		"Id": 200,
		"street_name": "龙潭街道",
		"type": "室外活动场所"
	},
	"lnglat": [
		[116.43609892302138, 39.88900559981293]
	]
}, {
	"properties": {
		"Id": 201,
		"street_name": "龙潭街道",
		"type": "室外活动场所"
	},
	"lnglat": [
		[116.43784277077798, 39.887489625797485]
	]
}, {
	"properties": {
		"Id": 202,
		"street_name": "龙潭街道",
		"type": "室外活动场所"
	},
	"lnglat": [
		[116.4335286072883, 39.88492282258897]
	]
}, {
	"properties": {
		"Id": 203,
		"street_name": "龙潭街道",
		"type": "室外活动场所"
	},
	"lnglat": [
		[116.43308961485987, 39.88548871854872]
	]
}, {
	"properties": {
		"Id": 204,
		"street_name": "龙潭街道",
		"type": "室外活动场所"
	},
	"lnglat": [
		[116.43377060360784, 39.886644010418415]
	]
}, {
	"properties": {
		"Id": 205,
		"street_name": "龙潭街道",
		"type": "室外活动场所"
	},
	"lnglat": [
		[116.43442567196905, 39.88711747542562]
	]
}, {
	"properties": {
		"Id": 206,
		"street_name": "龙潭街道",
		"type": "室外活动场所"
	},
	"lnglat": [
		[116.43561932144081, 39.88690332353587]
	]
}, {
	"properties": {
		"Id": 207,
		"street_name": "龙潭街道",
		"type": "室外活动场所"
	},
	"lnglat": [
		[116.44199468654764, 39.88828636859427]
	]
}, {
	"properties": {
		"Id": 208,
		"street_name": "龙潭街道",
		"type": "室外活动场所"
	},
	"lnglat": [
		[116.44329278574057, 39.89027069844416]
	]
}, {
	"properties": {
		"Id": 209,
		"street_name": "龙潭街道",
		"type": "室外活动场所"
	},
	"lnglat": [
		[116.44190553195521, 39.89045648211649]
	]
}, {
	"properties": {
		"Id": 210,
		"street_name": "龙潭街道",
		"type": "室外活动场所"
	},
	"lnglat": [
		[116.43843786806987, 39.89260263563664]
	]
}, {
	"properties": {
		"Id": 211,
		"street_name": "龙潭街道",
		"type": "室外活动场所"
	},
	"lnglat": [
		[116.43857112497511, 39.892024150858376]
	]
}, {
	"properties": {
		"Id": 212,
		"street_name": "龙潭街道",
		"type": "室外活动场所"
	},
	"lnglat": [
		[116.43782030333023, 39.89195961977044]
	]
}, {
	"properties": {
		"Id": 213,
		"street_name": "龙潭街道",
		"type": "室外活动场所"
	},
	"lnglat": [
		[116.43337301165774, 39.890008051828985]
	]
}, {
	"properties": {
		"Id": 214,
		"street_name": "龙潭街道",
		"type": "室外活动场所"
	},
	"lnglat": [
		[116.43132039835241, 39.893307540528305]
	]
}, {
	"properties": {
		"Id": 215,
		"street_name": "龙潭街道",
		"type": "室外活动场所"
	},
	"lnglat": [
		[116.43358461275486, 39.89297687563678]
	]
}, {
	"properties": {
		"Id": 216,
		"street_name": "东四街道",
		"type": "室外活动场所"
	},
	"lnglat": [
		[116.41786803200931, 39.92529731442953]
	]
}, {
	"properties": {
		"Id": 217,
		"street_name": "东四街道",
		"type": "室外活动场所"
	},
	"lnglat": [
		[116.4244566405226, 39.926480821769744]
	]
}, {
	"properties": {
		"Id": 218,
		"street_name": "东四街道",
		"type": "室外活动场所"
	},
	"lnglat": [
		[116.42406329043617, 39.92920412644846]
	]
}, {
	"properties": {
		"Id": 219,
		"street_name": "东四街道",
		"type": "室外活动场所"
	},
	"lnglat": [
		[116.41750498321268, 39.933091036302365]
	]
}, {
	"properties": {
		"Id": 220,
		"street_name": "东四街道",
		"type": "室外活动场所"
	},
	"lnglat": [
		[116.42089003343493, 39.932256156687224]
	]
}, {
	"properties": {
		"Id": 221,
		"street_name": "东四街道",
		"type": "室外活动场所"
	},
	"lnglat": [
		[116.4335754618463, 39.92638834842697]
	]
}, {
	"properties": {
		"Id": 222,
		"street_name": "体育馆路街道",
		"type": "室外活动场所"
	},
	"lnglat": [
		[116.42312953143802, 39.878046232293755]
	]
}, {
	"properties": {
		"Id": 223,
		"street_name": "体育馆路街道",
		"type": "室外活动场所"
	},
	"lnglat": [
		[116.42300139710383, 39.8799594966945]
	]
}, {
	"properties": {
		"Id": 224,
		"street_name": "体育馆路街道",
		"type": "室外活动场所"
	},
	"lnglat": [
		[116.41852732334712, 39.89007092692179]
	]
}, {
	"properties": {
		"Id": 225,
		"street_name": "体育馆路街道",
		"type": "室外活动场所"
	},
	"lnglat": [
		[116.42789529777211, 39.8860784995739]
	]
}]